Simulacao,Tempo_s,STEP,DP01,DP02,DP03,DP04,DP05,DP06,DP07,DP08,DP09,DP10,DP11,DP12
Stamp_1,"0.1518,0.2064,0.2615,0.3173,0.3742,0.4329,0.4944,0.5605,0.6346,0.7257,0.9273","-220.0007,-197.9999,-176.0003,-153.9957,-131.9989,-109.9971,-87.9971,-65.997,-43.9964,-21.9972,-0.0005","0.0,0.1609,0.7665,2.1784,4.7582,8.937,14.7867,22.7493,31.5325,40.3925,49.1662","0.0,0.0957,0.501,1.9576,4.7482,10.5017,19.1332,32.4323,49.6024,68.0906,88.8044","0.0,0.2904,0.9554,2.4412,4.379,7.1277,10.9516,16.0798,23.2354,31.3454,39.2193","0.0,0.2575,1.114,3.4034,8.0675,16.2534,29.0296,44.8056,62.2786,80.2275,98.8941","0.0,0.6191,3.4503,12.7091,25.7649,41.3248,58.2789,76.0511,94.3152,113.3697,135.3687","0.0,0.1093,1.3247,5.0022,11.9071,21.1566,32.0117,44.0404,56.7171,69.5822,81.8998","0.0,0.1724,1.4332,4.0844,8.666,15.0178,23.1373,32.8259,43.7114,55.145,66.4383","0.0,0.0834,0.7405,2.4254,5.6432,11.6349,20.0256,30.4062,43.0159,58.1853,75.8478","0.0,0.0898,0.4996,1.5156,3.3546,6.5031,11.2566,17.5832,25.5256,34.7724,45.927","0.0,0.2446,1.3833,4.1102,10.5893,19.6525,30.3132,41.9399,53.9162,66.0555,78.0807","0.0,0.3805,2.2854,6.5513,16.0821,29.5212,45.1947,61.9323,79.4528,96.8465,115.1082","0.0,0.1921,1.0723,3.0105,9.1913,20.1942,35.3407,52.3499,70.1009,87.9019,104.1906"
Stamp_2,"0.1518,0.2064,0.2615,0.3173,0.3742,0.4329,0.4944,0.5605,0.6346,0.7257,0.9273","-220.0007,-197.9999,-176.0003,-153.9957,-131.9989,-109.9971,-87.9971,-65.997,-43.9964,-21.9972,-0.0005","0.0,0.151,0.7966,2.2409,4.872,9.0786,14.9736,23.064,31.9352,40.856,49.6472","0.0,0.1097,0.4914,2.0114,4.8592,10.6029,19.236,32.6086,49.88,68.4137,89.1088","0.0,0.3278,0.9888,2.5014,4.4353,7.1781,10.986,16.1414,23.2398,31.2193,38.9703","0.0,0.339,1.1775,3.5606,8.1908,16.359,29.1718,45.0208,62.4912,80.3595,98.7664","0.0,0.5993,3.6163,12.935,25.971,41.4751,58.4668,76.1892,94.5562,113.7012,135.1629","0.0,0.1333,1.4613,5.2007,12.079,21.4142,32.2708,44.2004,56.862,69.6612,81.945","0.0,0.2104,1.4782,4.1867,8.7553,15.1352,23.2304,32.916,43.8428,55.2575,66.5003","0.0,0.0876,0.682,2.4475,5.7888,12.0412,20.5294,31.0328,43.8756,59.0349,77.1249","0.0,0.1202,0.5223,1.5824,3.443,6.6367,11.4407,17.7384,25.6994,34.9671,46.1455","0.0,0.2573,1.474,4.2068,10.7121,19.8882,30.5897,42.2309,54.2646,66.2171,78.0669","0.0,0.3962,2.4875,6.7687,16.3167,29.7867,45.4746,62.2694,79.8629,97.3196,115.7841","0.0,0.2186,1.128,3.0706,9.2507,20.2174,35.3297,52.3702,70.2043,88.1106,104.489"
Stamp_3,"0.1518,0.2064,0.2615,0.3173,0.3742,0.4329,0.4944,0.5605,0.6346,0.7257,0.9273","-220.0007,-197.9999,-176.0003,-153.9957,-131.9989,-109.9971,-87.9971,-65.997,-43.9964,-21.9972,-0.0005","0.0,0.1842,0.8347,2.2974,4.8965,9.0947,14.9761,22.9988,31.8673,40.7634,49.5431","0.0,0.141,0.5527,2.0583,4.895,10.604,19.2306,32.6506,50.0104,68.6427,89.365","0.0,0.3084,1.0124,2.5508,4.4687,7.1975,10.9625,16.1078,23.3373,31.2896,38.981","0.0,0.3228,1.2386,3.5975,8.2199,16.3947,29.2193,45.0488,62.4975,80.3313,98.5647","0.0001,0.6897,3.8271,13.2973,26.3009,41.8128,58.8529,76.5052,94.981,114.1673,135.4113","0.0,0.1324,1.4977,5.2451,12.1353,21.4306,32.2097,44.038,56.6543,69.5163,81.8223","0.0,0.1975,1.5374,4.2367,8.823,15.1791,23.3086,33.0241,43.9266,55.3037,66.5254","0.0,0.1027,0.7223,2.5404,5.8892,12.1833,20.6621,31.3039,44.2271,59.4694,77.6815","0.0001,0.1071,0.5174,1.5768,3.4426,6.5872,11.3926,17.7523,25.6862,34.9699,46.09","0.0,0.2741,1.4967,4.2862,10.7895,19.9416,30.7286,42.3177,54.2766,66.3245,78.1285","0.0,0.4386,2.5293,6.9089,16.4591,29.9348,45.606,62.4408,80.0085,97.5587,115.9514","0.0,0.2312,1.1731,3.095,9.2785,20.2718,35.3843,52.3555,70.0864,87.9371,104.156"
Stamp_10,"0.1518,0.2064,0.2615,0.3173,0.3742,0.4329,0.4944,0.5605,0.6346,0.7257,0.9273","-220.0007,-197.9999,-176.0003,-153.9957,-131.9989,-109.9971,-87.9971,-65.997,-43.9964,-21.9972,-0.0005","0.0,0.1388,0.723,2.1114,4.6667,8.8037,14.6784,22.6741,31.4717,40.3424,49.065","0.0,0.0758,0.4575,1.8894,4.6341,10.3236,18.9001,32.1622,49.3397,67.7337,88.3428","0.0,0.275,0.9225,2.3866,4.3133,7.0592,10.8744,16.0052,23.1838,31.1908,38.9904","0.0,0.2446,1.0641,3.3179,7.9519,16.0953,28.8796,44.6729,62.132,80.041,98.6152","0.0,0.6354,3.2253,12.2497,25.2259,40.701,57.6721,75.2358,93.3782,112.4526,134.1174","0.0,0.133,1.2917,4.8422,11.736,20.9056,31.7047,43.6528,56.2723,69.0203,81.2724","0.0,0.1702,1.3913,3.9892,8.5571,14.9195,23.063,32.7253,43.5308,54.9236,66.1203","0.0,0.079,0.7076,2.3471,5.5067,11.407,19.6459,30.0476,42.3478,57.4827,74.947","0.0,0.0855,0.4868,1.4813,3.3109,6.4291,11.1615,17.4291,25.3425,34.5792,45.6779","0.0,0.2405,1.3283,4.0327,10.4615,19.4594,30.022,41.5642,53.5536,65.5266,77.579","0.0,0.3663,2.1615,6.3159,15.8354,29.2047,44.7937,61.4212,78.9192,96.2411,114.2091","0.0,0.1724,1.0184,2.9303,9.0814,20.0092,35.0139,51.9261,69.6223,87.4104,103.6269"
Stamp_11,"0.1518,0.2064,0.2615,0.3173,0.3742,0.4329,0.4944,0.5605,0.6346,0.7257,0.9273","-220.0007,-197.9999,-176.0003,-153.9957,-131.9989,-109.9971,-87.9971,-65.997,-43.9964,-21.9972,-0.0005","0.0,0.1589,0.7709,2.2008,4.7894,8.9518,14.8325,22.8424,31.6476,40.5191,49.2811","0.0,0.0989,0.4702,1.9707,4.7429,10.4465,19.0281,32.3534,49.5801,68.0239,88.6463","0.0,0.3172,0.9656,2.4622,4.3788,7.1036,10.8992,16.0672,23.1604,31.115,38.8333","0.0,0.3326,1.1513,3.4846,8.1147,16.2278,28.9951,44.7655,62.1786,80.0265,98.4467","0.0,0.5725,3.4511,12.5583,25.558,40.9593,57.7761,75.4736,93.7589,112.6282,134.081","0.0,0.1232,1.3878,5.0762,11.9029,21.1917,32.015,43.8796,56.4887,69.2407,81.4146","0.0,0.2038,1.433,4.0918,8.638,14.9691,23.0482,32.6875,43.5607,54.9356,66.1617","0.0,0.0826,0.6568,2.3716,5.6051,11.6303,20.0394,30.4158,43.1175,58.2842,75.9769","0.0,0.1154,0.5043,1.5484,3.3828,6.5425,11.3332,17.6166,25.5321,34.7948,46.0011","0.0,0.2515,1.4184,4.12,10.6063,19.6592,30.308,41.9159,53.938,65.7748,77.7018","0.0,0.3782,2.3683,6.5573,16.0792,29.4755,45.0999,61.7592,79.2813,96.611,115.0618","0.0,0.2104,1.09,3.029,9.1612,20.0948,35.1001,51.9915,69.7016,87.4992,103.8471"
Stamp_12,"0.1518,0.2064,0.2615,0.3173,0.3742,0.4329,0.4944,0.5605,0.6346,0.7257,0.9273","-220.0007,-197.9999,-176.0003,-153.9957,-131.9989,-109.9971,-87.9971,-65.997,-43.9964,-21.9972,-0.0005","0.0,0.1622,0.779,2.2086,4.8124,8.9787,14.8205,22.8161,31.6258,40.5033,49.2519","0.0,0.114,0.4893,1.9975,4.7741,10.4577,19.071,32.4505,49.7346,68.22,88.813","0.0,0.2953,0.9979,2.5244,4.4216,7.1458,10.9251,16.0076,23.24,31.2888,38.8978","0.0,0.3035,1.185,3.5011,8.1121,16.2336,29.033,44.8477,62.2669,80.019,98.1291","0.0,0.6607,3.7373,13.018,26.0306,41.4569,58.2738,75.9735,94.3312,113.2442,134.3371","0.0,0.1792,1.5096,5.152,12.0481,21.1474,31.8899,43.7663,56.3289,69.0535,81.3049","0.0,0.1903,1.511,4.1588,8.7049,15.0481,23.1264,32.7558,43.6007,54.9427,66.151","0.0,0.0933,0.6906,2.4686,5.7197,11.9073,20.2897,30.7259,43.6161,58.7508,76.5656","0.0,0.1182,0.5078,1.5752,3.4017,6.5231,11.3078,17.6268,25.5316,34.7715,45.9255","0.0,0.2847,1.4806,4.2013,10.6927,19.7822,30.4871,42.0582,53.9872,66.0493,77.9188","0.0,0.4089,2.44,6.7167,16.2799,29.6984,45.2869,62.0126,79.4957,96.9147,115.3201","0.0,0.2089,1.1149,3.023,9.174,20.1256,35.1946,52.1391,69.8891,87.6977,104.0318"
Stamp_13,"0.1518,0.2064,0.2615,0.3173,0.3742,0.4329,0.4944,0.5605,0.6346,0.7257,0.9273","-220.0007,-197.9999,-176.0003,-153.9957,-131.9989,-109.9971,-87.9971,-65.997,-43.9964,-21.9972,-0.0005","0.0,0.1545,0.7775,2.1911,4.8072,9.004,14.8568,22.8041,31.5525,40.413,49.2163","0.0,0.095,0.5048,1.9746,4.8214,10.5881,19.234,32.5861,49.8072,68.3668,89.1305","0.0,0.3002,0.9838,2.4674,4.4349,7.1927,11.0233,16.1559,23.2893,31.3599,39.1517","0.0,0.2816,1.1711,3.4925,8.1772,16.3764,29.1822,44.9647,62.4396,80.3826,99.11","0.0,0.7067,3.6666,13.0684,26.1768,41.7679,58.7415,76.5211,94.7269,114.0272,136.0358","0.0,0.1508,1.4443,5.2103,12.1488,21.44,32.3107,44.2777,56.8608,69.6713,82.0227","0.0,0.1823,1.4876,4.2258,8.8469,15.2377,23.4021,33.1599,44.0419,55.5007,66.7901","0.0,0.0835,0.7672,2.4756,5.7921,11.9232,20.328,30.7017,43.4106,58.5974,76.4128","0.0,0.0924,0.511,1.5325,3.3894,6.5601,11.3412,17.6721,25.6354,34.9482,46.0326","0.0,0.2479,1.4201,4.1707,10.646,19.727,30.4311,42.0474,54.0282,66.0474,77.9803","0.0,0.3953,2.3684,6.6998,16.2265,29.7427,45.4979,62.2811,79.705,97.0658,115.3417","0.0,0.1959,1.1036,3.0406,9.2309,20.1603,35.252,52.2272,69.995,87.8942,104.2458"
Stamp_14,"0.1518,0.2064,0.2615,0.3173,0.3742,0.4329,0.4944,0.5605,0.6346,0.7257,0.9273","-220.0007,-197.9999,-176.0003,-153.9957,-131.9989,-109.9971,-87.9971,-65.997,-43.9964,-21.9972,-0.0005","0.0,0.1585,0.8184,2.2842,4.9454,9.1666,15.0593,23.1053,31.9061,40.7782,49.5623","0.0,0.1234,0.5166,2.0618,4.9697,10.7254,19.3877,32.7575,50.0433,68.5894,89.3299","0.0,0.3373,1.0127,2.5259,4.4801,7.223,11.0512,16.1927,23.2915,31.3435,38.9899","0.0,0.3537,1.2252,3.6373,8.2757,16.467,29.2988,45.0992,62.5466,80.3951,98.9197","0.0,0.6959,3.8431,13.2872,26.3023,41.8828,58.9539,76.5627,94.9312,114.0357,135.5758","0.0,0.1439,1.5182,5.3568,12.2419,21.5843,32.5002,44.4469,57.1278,69.9,82.1388","0.0,0.2189,1.5178,4.2821,8.8998,15.3142,23.4695,33.2029,44.1317,55.5714,66.8461","0.0,0.0843,0.7018,2.5097,5.9741,12.2815,20.7624,31.3777,44.1426,59.386,77.5993","0.0,0.1185,0.5367,1.6064,3.4812,6.6913,11.5358,17.8881,25.853,35.1284,46.274","0.0,0.2643,1.5209,4.2789,10.7707,19.9063,30.6376,42.3265,54.3759,66.2998,78.0353","0.0,0.408,2.5657,6.9292,16.512,30.0645,45.7953,62.6012,80.2092,97.6819,116.086","0.0,0.2252,1.1612,3.1228,9.2985,20.235,35.3344,52.357,70.1708,88.0976,104.4923"
Stamp_15,"0.1518,0.2064,0.2615,0.3173,0.3742,0.4329,0.4944,0.5605,0.6346,0.7257,0.9273","-220.0007,-197.9999,-176.0003,-153.9957,-131.9989,-109.9971,-87.9971,-65.997,-43.9964,-21.9972,-0.0005","0.0002,0.1704,0.8466,2.3222,4.9731,9.2098,15.0814,23.0759,31.8706,40.7001,49.4608","0.0,0.1182,0.5578,2.0525,4.9565,10.6973,19.3961,32.8164,50.1581,68.7898,89.532","0.0,0.3449,1.0616,2.6147,4.5517,7.2745,11.0487,16.1417,23.4171,31.3721,38.984","0.0,0.3402,1.29,3.6585,8.291,16.5118,29.3979,45.2013,62.5813,80.3436,98.6146","0.0,0.7453,4.084,13.6046,26.6302,42.1968,59.235,76.8776,95.2941,114.4996,135.7183","0.0,0.1298,1.5588,5.3776,12.2526,21.5391,32.3431,44.2141,56.9045,69.675,81.8616","0.0,0.1985,1.5827,4.3392,8.9224,15.3243,23.5157,33.291,44.3024,55.6926,66.9586","0.0,0.097,0.7587,2.6115,6.0844,12.4516,20.9231,31.5972,44.5718,59.8671,78.2146","0.0,0.1296,0.5427,1.6257,3.5239,6.7095,11.54,17.9097,25.8568,35.1686,46.3367","0.0,0.2615,1.5465,4.2534,10.8081,19.9844,30.7452,42.3345,54.2184,66.1869,78.0709","0.0,0.4334,2.5694,7.0493,16.6843,30.2936,46.0121,62.81,80.2897,97.9158,116.3087","0.0,0.2155,1.1673,3.1515,9.3435,20.3007,35.3686,52.3572,70.1131,88.0141,104.3768"
Stamp_16,"0.1518,0.2064,0.2615,0.3173,0.3742,0.4329,0.4944,0.5605,0.6346,0.7257,0.9273","-220.0007,-197.9999,-176.0003,-153.9957,-131.9989,-109.9971,-87.9971,-65.997,-43.9964,-21.9972,-0.0005","0.0,0.1809,0.8373,2.3072,4.953,9.2,15.0873,23.091,31.8777,40.7092,49.4162","0.0,0.1109,0.5785,2.0994,5.0322,10.8523,19.5533,32.9557,50.2492,68.8996,89.8605","0.0,0.3217,1.0538,2.5525,4.5552,7.3129,11.1283,16.2476,23.4522,31.4771,39.3504","0.0,0.2943,1.2651,3.6108,8.3746,16.6196,29.4676,45.3264,62.8223,80.7871,99.6841","0.0,0.6578,4.0196,13.6649,26.8027,42.4518,59.5852,77.3325,95.6123,115.1585,137.4785","0.0,0.1523,1.5692,5.5058,12.488,21.8524,32.779,44.8118,57.5679,70.4153,82.7263","0.0,0.1824,1.5807,4.4107,9.0991,15.5968,23.8938,33.8015,44.8361,56.29,67.6413","0.0,0.0885,0.7997,2.6263,6.1946,12.5563,20.9968,31.7158,44.468,59.7786,78.2153","0.0,0.0967,0.521,1.5856,3.4772,6.7445,11.5994,17.9488,25.9262,35.1954,46.3205","0.0,0.2625,1.4977,4.3002,10.7736,19.84,30.5765,42.155,54.1571,66.0247,77.9271","0.0,0.4404,2.5231,7.0111,16.5652,30.1623,45.9704,62.7729,80.3035,97.7109,116.0552","0.0,0.2138,1.1868,3.1576,9.3356,20.3462,35.5213,52.5764,70.4774,88.453,104.8571"
Stamp_17,"0.1518,0.2064,0.2615,0.3173,0.3742,0.4329,0.4944,0.5605,0.6346,0.7257,0.9273","-220.0007,-197.9999,-176.0003,-153.9957,-131.9989,-109.9971,-87.9971,-65.997,-43.9964,-21.9972,-0.0005","0.0,0.1672,0.8728,2.357,5.0654,9.3418,15.2468,23.2662,32.0707,40.9748,49.7736","0.0,0.1266,0.5603,2.1171,5.1281,10.913,19.636,33.1058,50.487,69.1597,90.124","0.0,0.3631,1.0635,2.5825,4.5603,7.324,11.1346,16.2665,23.33,31.3382,38.9905","0.0,0.3985,1.3232,3.7806,8.4539,16.6926,29.551,45.3631,62.8695,80.8107,99.4128","0.0,0.7819,4.2231,13.8792,26.96,42.6063,59.6907,77.5964,95.9649,115.3781,137.1401","0.0,0.1588,1.6319,5.5931,12.5616,21.9761,33.0515,45.0899,57.7478,70.5737,82.9153","0.0,0.2266,1.5935,4.474,9.1553,15.6385,23.8938,33.695,44.7264,56.152,67.4808","0.0,0.0909,0.7458,2.6383,6.3463,12.7381,21.23,32.1104,45.1825,60.5393,79.0859","0.0,0.123,0.559,1.6573,3.5842,6.8436,11.7444,18.1878,26.2071,35.5373,46.6716","0.0,0.273,1.5999,4.4205,10.9401,20.0676,30.8609,42.5624,54.5152,66.3575,78.0413","0.0,0.4409,2.7075,7.2003,16.7922,30.4019,46.2245,63.1224,80.6718,98.3458,116.7046","0.0,0.2427,1.2342,3.2082,9.4035,20.4128,35.6118,52.7146,70.5362,88.5215,104.9642"
Stamp_18,"0.1518,0.2064,0.2615,0.3173,0.3742,0.4329,0.4944,0.5605,0.6346,0.7257,0.9273","-220.0007,-197.9999,-176.0003,-153.9957,-131.9989,-109.9971,-87.9971,-65.997,-43.9964,-21.9972,-0.0005","0.0,0.1864,0.8923,2.4168,5.1094,9.4176,15.3369,23.3358,32.1136,40.9313,49.7083","0.0,0.1431,0.5994,2.1715,5.1833,10.9651,19.6969,33.1941,50.6283,69.3547,90.2968","0.0,0.345,1.1004,2.648,4.6345,7.3661,11.1433,16.2567,23.4878,31.4599,39.1113","0.0,0.3688,1.3805,3.7953,8.48,16.7159,29.6165,45.4625,62.951,80.8482,99.2277","0.0,0.734,4.32,14.0155,27.0645,42.704,59.748,77.6591,96.1275,115.5986,137.1673","0.0,0.1292,1.6419,5.5822,12.4681,21.8586,32.7439,44.6314,57.3133,70.1727,82.477","0.0,0.2121,1.6462,4.5066,9.2004,15.6578,23.9286,33.7326,44.7701,56.1626,67.4386","0.0,0.1049,0.7676,2.6967,6.4857,12.9354,21.5501,32.5729,45.7471,61.2375,79.6928","0.0002,0.1076,0.54,1.6418,3.5914,6.8199,11.671,18.113,26.1114,35.4657,46.5938","0.0,0.2875,1.6079,4.4595,11.0221,20.1992,31.0682,42.8067,54.8271,66.7659,78.4523","0.0,0.4865,2.7392,7.2883,16.8926,30.5249,46.3784,63.3316,80.8755,98.5564,116.8951","0.0,0.2558,1.2678,3.231,9.423,20.4305,35.548,52.5628,70.3,88.1804,104.5245"
Stamp_19,"0.1518,0.2064,0.2615,0.3173,0.3742,0.4329,0.4944,0.5605,0.6346,0.7257,0.9273","-220.0007,-197.9999,-176.0003,-153.9957,-131.9989,-109.9971,-87.9971,-65.997,-43.9964,-21.9972,-0.0005","0.0,0.1527,0.711,2.0582,4.5779,8.6912,14.5215,22.4311,31.1624,39.9831,48.7337","0.0,0.0822,0.4659,1.8709,4.5403,10.2148,18.7562,31.9573,49.0716,67.3811,87.9166","0.0,0.2798,0.9072,2.3525,4.2633,7.0121,10.8346,15.9536,23.1363,31.2638,39.0217","0.0,0.2397,1.0274,3.2426,7.8721,15.9983,28.7853,44.5163,61.9006,79.7213,98.2584","0.0,0.5484,3.0112,11.8302,24.7801,40.1677,57.0333,74.5847,92.6814,111.4761,133.2466","0.0,0.1051,1.2153,4.6681,11.5467,20.6858,31.3378,43.1968,55.7246,68.4718,80.7076","0.0,0.1589,1.3421,3.8733,8.4238,14.7368,22.8189,32.4609,43.2885,54.6945,65.9461","0.0,0.078,0.6722,2.2684,5.3555,11.1023,19.1987,29.4132,41.482,56.6285,73.855","0.0,0.0778,0.46,1.4544,3.2504,6.3545,11.0736,17.3045,25.1704,34.415,45.5166","0.0,0.2332,1.2634,3.9104,10.3118,19.251,29.7875,41.3071,53.332,65.3093,77.3716","0.0,0.3388,2.0217,6.0506,15.5184,28.7979,44.3692,60.9455,78.2846,95.6247,113.3262","0.0,0.1692,0.9742,2.8681,8.9865,19.9214,34.9304,51.8237,69.4393,87.1906,103.324"
Stamp_20,"0.1518,0.2064,0.2615,0.3173,0.3742,0.4329,0.4944,0.5605,0.6346,0.7257,0.9273","-220.0007,-197.9999,-176.0003,-153.9957,-131.9989,-109.9971,-87.9971,-65.997,-43.9964,-21.9972,-0.0005","0.0,0.145,0.7382,2.1416,4.7051,8.8456,14.686,22.6511,31.412,40.2312,48.9628","0.0,0.1005,0.4537,1.9351,4.6852,10.3584,18.9153,32.1729,49.3576,67.6866,88.2517","0.0,0.3097,0.9442,2.4272,4.3382,7.0595,10.8349,16.01,23.1158,31.101,38.8042","0.0,0.3276,1.1168,3.3986,8.0346,16.129,28.8668,44.6621,62.0139,79.8548,98.097","0.0,0.5217,3.2736,12.1507,25.156,40.5404,57.2993,74.9894,93.2256,111.6063,133.0746","0.0,0.1263,1.3405,4.8861,11.744,20.9785,31.7768,43.5699,56.0433,68.6988,80.9389","0.0,0.1999,1.3909,4.0013,8.534,14.825,22.8749,32.5374,43.3653,54.7195,65.9192","0.0,0.0848,0.6418,2.3381,5.4356,11.3432,19.62,29.9133,42.3194,57.403,74.8446","0.0,0.1095,0.4898,1.5264,3.3324,6.4396,11.1729,17.4609,25.3548,34.6243,45.7599","0.0,0.2466,1.366,4.0323,10.4785,19.4815,30.1136,41.6994,53.6818,65.586,77.4987","0.0,0.3616,2.2606,6.3523,15.8382,29.1608,44.7385,61.3472,78.6243,95.9186,114.2516","0.0,0.2009,1.0404,2.9728,9.0809,19.9618,34.9513,51.8147,69.4624,87.2045,103.4825"
Stamp_21,"0.1518,0.2064,0.2615,0.3173,0.3742,0.4329,0.4944,0.5605,0.6346,0.7257,0.9273","-220.0007,-197.9999,-176.0003,-153.9957,-131.9989,-109.9971,-87.9971,-65.997,-43.9964,-21.9972,-0.0005","0.0,0.1829,0.7826,2.205,4.7721,8.8862,14.7737,22.7338,31.5194,40.3508,49.0922","0.0,0.106,0.4585,1.9483,4.6853,10.3601,18.9369,32.2701,49.4725,67.8772,88.368","0.0,0.299,0.9922,2.4876,4.379,7.0651,10.8659,15.9422,23.1402,31.2047,38.9129","0.0,0.2942,1.1385,3.4238,8.0243,16.1287,28.9038,44.6683,62.0216,79.7535,97.7673","0.0,0.6058,3.543,12.5463,25.4709,40.8543,57.6387,75.3302,93.6571,112.0755,133.2935","0.0,0.1396,1.4128,4.9818,11.8171,20.8553,31.5477,43.3916,55.9646,68.6415,80.8054","0.0,0.188,1.4661,4.0608,8.5662,14.8672,22.8974,32.5188,43.3608,54.6911,65.8491","0.0,0.0892,0.6773,2.4161,5.576,11.5883,19.9802,30.356,43.0347,58.1494,75.69","0.0,0.1202,0.5016,1.5512,3.3697,6.4655,11.1959,17.4881,25.403,34.601,45.7054","0.0,0.2724,1.4469,4.1484,10.6086,19.7261,30.38,41.9406,53.9204,65.7763,77.6852","0.0,0.3863,2.3611,6.5465,16.0495,29.3759,44.8853,61.4853,78.9219,96.1773,114.5696","0.0,0.1985,1.0723,2.969,9.1227,20.0022,34.9727,51.7711,69.4348,87.1475,103.3954"
Stamp_22,"0.1518,0.2064,0.2615,0.3173,0.3742,0.4329,0.4944,0.5605,0.6346,0.7257,0.9273","-220.0007,-197.9999,-176.0003,-153.9957,-131.9989,-109.9971,-87.9971,-65.997,-43.9964,-21.9972,-0.0005","0.0,0.1678,0.7793,2.1683,4.7365,8.9055,14.7758,22.717,31.469,40.296,49.0376","0.0,0.1012,0.5137,1.9501,4.7451,10.5046,19.1176,32.4094,49.5398,67.9615,88.5775","0.0002,0.2964,0.9656,2.45,4.3923,7.1567,10.9799,16.1191,23.2562,31.3088,39.0479","0.0,0.2762,1.1289,3.4241,8.0913,16.2793,29.0882,44.8648,62.3001,80.1904,98.771","0.0,0.6875,3.5067,12.7149,25.7517,41.2739,58.1969,75.8213,93.9453,112.9345,134.7437","0.0,0.1051,1.3528,5.0425,11.9936,21.1985,31.9531,43.8573,56.4104,69.1886,81.402","0.0,0.1761,1.4525,4.1355,8.7579,15.1161,23.2345,32.9542,43.8411,55.2811,66.5806","0.0,0.0807,0.7405,2.4275,5.6656,11.6662,19.9651,30.2649,42.7396,57.8601,75.4293","0.0,0.0946,0.5036,1.5162,3.3612,6.5085,11.2455,17.5315,25.4867,34.733,45.8183","0.0,0.2653,1.3891,4.114,10.5214,19.5233,30.0839,41.6608,53.6703,65.6519,77.6097","0.0,0.3837,2.2626,6.5158,16.0262,29.4658,45.084,61.7065,79.172,96.4868,114.5117","0.0,0.1884,1.0527,2.9891,9.1303,20.1025,35.1926,52.1934,69.9566,87.8307,104.1434"
Stamp_23,"0.1518,0.2064,0.2615,0.3173,0.3742,0.4329,0.4944,0.5605,0.6346,0.7257,0.9273","-220.0007,-197.9999,-176.0003,-153.9957,-131.9989,-109.9971,-87.9971,-65.997,-43.9964,-21.9972,-0.0005","0.0,0.1524,0.8009,2.2528,4.8752,9.0693,14.9311,22.9159,31.6684,40.4746,49.2254","0.0,0.1026,0.4878,1.9934,4.8574,10.5907,19.228,32.5466,49.7719,68.2275,88.8755","0.0,0.3249,0.9862,2.4934,4.4357,7.1755,10.9777,16.1331,23.2252,31.2696,38.9099","0.0,0.3551,1.1999,3.5783,8.2167,16.3708,29.0991,44.8849,62.3364,80.206,98.6418","0.0,0.6465,3.6973,12.9725,25.9776,41.4283,58.3401,75.9509,94.238,113.133,134.676","0.0,0.1165,1.4395,5.1981,12.0875,21.382,32.2508,44.1604,56.797,69.4928,81.6681","0.0,0.2101,1.4762,4.1983,8.7648,15.1737,23.2843,32.9934,43.8891,55.2739,66.479","0.0,0.0847,0.6825,2.4447,5.7778,11.9609,20.3781,30.8085,43.5757,58.7196,76.6112","0.0,0.1159,0.5182,1.5686,3.4166,6.5847,11.3793,17.6926,25.6566,34.9037,46.0648","0.0,0.2586,1.4741,4.2031,10.6698,19.7414,30.4039,42.0595,54.0605,65.851,77.5363","0.0,0.3948,2.4674,6.7647,16.2792,29.7165,45.3508,62.0295,79.5869,96.9199,115.3438","0.0,0.2184,1.1254,3.0781,9.2224,20.1369,35.1752,52.1196,69.8844,87.7413,104.1073"
Stamp_24,"0.1518,0.2064,0.2615,0.3173,0.3742,0.4329,0.4944,0.5605,0.6346,0.7257,0.9273","-220.0007,-197.9999,-176.0003,-153.9957,-131.9989,-109.9971,-87.9971,-65.997,-43.9964,-21.9972,-0.0005","0.0,0.1763,0.8218,2.2742,4.8985,9.0899,14.9835,22.9929,31.7992,40.6699,49.4658","0.0,0.1273,0.5161,2.0221,4.8365,10.5306,19.1673,32.5479,49.8124,68.335,88.9823","0.0,0.3135,1.0427,2.5614,4.4719,7.1955,10.9602,16.073,23.2971,31.3218,38.9853","0.0,0.3201,1.2323,3.5814,8.1985,16.3468,29.1701,44.9723,62.3442,80.0832,98.2994","0.0,0.6662,3.8375,13.2132,26.168,41.6024,58.4718,76.1828,94.5876,113.521,134.7811","0.0,0.1523,1.5428,5.2742,12.1301,21.2824,32.1323,44.0454,56.5783,69.3165,81.4996","0.0,0.1977,1.5466,4.2632,8.8534,15.2446,23.359,33.0482,43.9435,55.3122,66.5212","0.0,0.0928,0.7234,2.5521,5.9113,12.1901,20.6711,31.206,44.0665,59.231,77.3138","0.0,0.1262,0.5201,1.6022,3.4597,6.6065,11.3991,17.7176,25.6406,34.8964,46.0113","0.0,0.2867,1.5391,4.2676,10.7736,19.9177,30.7072,42.3218,54.2339,66.1449,77.7397","0.0,0.4304,2.53,6.8892,16.4269,29.8631,45.4842,62.2352,79.7213,97.2014,115.5724","0.0,0.2177,1.1405,3.0642,9.242,20.1912,35.2157,52.1188,69.7975,87.601,103.9307"
Stamp_25,"0.1518,0.2064,0.2615,0.3173,0.3742,0.4329,0.4944,0.5605,0.6346,0.7257,0.9273","-220.0007,-197.9999,-176.0003,-153.9957,-131.9989,-109.9971,-87.9971,-65.997,-43.9964,-21.9972,-0.0005","0.0,0.1705,0.8121,2.2477,4.8637,9.0967,14.9521,22.8725,31.6264,40.4505,49.2265","0.0,0.0977,0.5361,2.0269,4.9298,10.7538,19.4204,32.8129,50.0336,68.6483,89.4909","0.0001,0.317,1.0148,2.5159,4.5087,7.2599,11.0839,16.2187,23.3665,31.3734,39.1669","0.0,0.309,1.2349,3.5848,8.3044,16.541,29.443,45.2338,62.6677,80.5573,99.2643","0.0,0.6877,3.8744,13.3934,26.5529,42.1425,59.1248,76.8988,95.06,114.513,136.5842","0.0,0.1082,1.4608,5.3263,12.3148,21.6282,32.4441,44.4892,57.1196,69.8899,82.1683","0.0,0.1858,1.5386,4.3409,9.0312,15.5033,23.7428,33.5372,44.4993,55.9852,67.327","0.0,0.0807,0.7831,2.5637,5.9922,12.2393,20.6975,31.1593,43.9192,59.0968,77.0879","0.0,0.0934,0.5251,1.5569,3.4328,6.637,11.4538,17.7979,25.7428,35.0611,46.1971","0.0,0.2608,1.4966,4.2054,10.6825,19.718,30.4153,41.975,54.0022,65.9387,77.7615","0.0,0.424,2.4649,6.8813,16.3653,29.8677,45.5926,62.3294,79.7489,97.1203,115.4533","0.0,0.2088,1.1401,3.0933,9.2595,20.2568,35.451,52.4587,70.289,88.1918,104.5746"
Stamp_26,"0.1518,0.2064,0.2615,0.3173,0.3742,0.4329,0.4944,0.5605,0.6346,0.7257,0.9273","-220.0007,-197.9999,-176.0003,-153.9957,-131.9989,-109.9971,-87.9971,-65.997,-43.9964,-21.9972,-0.0005","0.0,0.1626,0.8435,2.3215,5.001,9.238,15.1287,23.1438,31.9154,40.7155,49.4644","0.0,0.1114,0.5274,2.0759,5.0138,10.7886,19.4786,32.8846,50.203,68.7855,89.5592","0.0,0.3523,1.04,2.5547,4.5281,7.2846,11.1041,16.2504,23.3028,31.3229,38.9881","0.0,0.3691,1.2725,3.718,8.3789,16.5994,29.4641,45.2535,62.7003,80.5628,99.1102","0.0,0.718,4.0433,13.626,26.6792,42.2992,59.3516,77.0923,95.4569,114.4212,136.1484","0.0,0.1345,1.5663,5.489,12.4112,21.7322,32.5696,44.5222,57.1612,69.9673,82.1281","0.0,0.2223,1.5573,4.3921,9.0309,15.5139,23.7327,33.5379,44.5167,55.9545,67.2403","0.0,0.0878,0.7189,2.5662,6.1357,12.5225,20.9841,31.6999,44.5158,59.8299,78.2411","0.0,0.1162,0.5438,1.6213,3.5098,6.7295,11.5487,17.9315,25.9374,35.286,46.4265","0.0,0.2665,1.5612,4.3407,10.8286,19.9581,30.7187,42.3635,54.2696,66.0733,77.7711","0.0,0.4253,2.6391,7.0408,16.6041,30.1814,45.9453,62.7153,80.2704,97.7837,116.1451","0.0,0.2335,1.1985,3.1645,9.3342,20.2814,35.4104,52.4353,70.246,88.2131,104.6134"
Stamp_27,"0.1518,0.2064,0.2615,0.3173,0.3742,0.4329,0.4944,0.5605,0.6346,0.7257,0.9273","-220.0007,-197.9999,-176.0003,-153.9957,-131.9989,-109.9971,-87.9971,-65.997,-43.9964,-21.9972,-0.0005","0.0,0.1917,0.8761,2.3699,5.0513,9.2942,15.2266,23.2483,32.0338,40.8384,49.6291","0.0,0.1241,0.5479,2.1025,5.0179,10.7409,19.4274,32.8838,50.2643,68.9358,89.7206","0.0,0.329,1.0887,2.6253,4.5617,7.2874,11.0457,16.1449,23.4187,31.4137,39.0557","0.0,0.3519,1.3201,3.7113,8.3667,16.5861,29.4002,45.1782,62.5998,80.424,98.8277","0.0003,0.7985,4.2401,13.8357,26.8241,42.3905,59.4857,77.1176,95.6145,114.6785,136.1013","0.0,0.1452,1.635,5.4798,12.3269,21.5993,32.4968,44.4784,57.1617,69.9302,82.132","0.0,0.204,1.6092,4.4295,9.0812,15.5585,23.76,33.5328,44.5064,55.8785,67.1254","0.0,0.0985,0.7528,2.6787,6.2966,12.6711,21.1954,31.9834,45.0697,60.3811,78.8106","0.0001,0.1248,0.5401,1.6533,3.5598,6.783,11.6764,18.0458,26.0048,35.3018,46.4481","0.0,0.2968,1.6235,4.3685,10.9032,20.085,30.8838,42.5104,54.4184,66.3124,78.0334","0.0,0.4645,2.6781,7.1849,16.7753,30.3159,46.0299,62.8562,80.3381,97.9543,116.3118","0.0,0.238,1.2245,3.1724,9.3673,20.3212,35.4018,52.3961,70.1641,88.0742,104.4995"
Stamp_28,"0.1518,0.2064,0.2615,0.3173,0.3742,0.4329,0.4944,0.5605,0.6346,0.7257,0.9273","-220.0007,-197.9999,-176.0003,-153.9957,-131.9989,-109.9971,-87.9971,-65.997,-43.9964,-21.9972,-0.0005","0.0,0.1563,0.803,2.2586,4.8727,9.0852,14.9793,22.9257,31.7103,40.5899,49.4006","0.0,0.1017,0.5309,2.0304,4.9264,10.7219,19.3744,32.7399,49.9587,68.558,89.3696","0.0,0.3036,1.0156,2.5002,4.4978,7.2597,11.0736,16.2272,23.3314,31.4033,39.2154","0.0,0.328,1.2477,3.5733,8.2835,16.5174,29.3328,45.1228,62.613,80.5607,99.3414","0.0,0.6744,3.7973,13.261,26.3717,41.9432,58.9158,76.7513,94.9673,114.4635,136.552","0.0,0.1692,1.5336,5.3447,12.3042,21.5779,32.4343,44.4823,57.1572,69.967,82.2999","0.0,0.1793,1.5252,4.3139,8.969,15.3888,23.5082,33.2591,44.196,55.633,66.9425","0.0,0.0848,0.786,2.5444,5.9484,12.1548,20.5995,31.0557,43.8278,58.9877,76.9134","0.0,0.0916,0.5148,1.5488,3.412,6.6049,11.4132,17.7369,25.6938,34.9736,46.0591","0.0,0.2567,1.4629,4.2144,10.6805,19.7461,30.4446,42.0238,54.0258,66.0435,78.0621","0.0,0.4173,2.4553,6.8897,16.3951,29.8871,45.5967,62.358,79.8303,97.2276,115.5895","0.0,0.2148,1.1388,3.0828,9.2646,20.2659,35.391,52.4123,70.1935,88.0544,104.4011"
Stamp_29,"0.1518,0.2064,0.2615,0.3173,0.3742,0.4329,0.4944,0.5605,0.6346,0.7257,0.9273","-220.0007,-197.9999,-176.0003,-153.9957,-131.9989,-109.9971,-87.9971,-65.997,-43.9964,-21.9972,-0.0005","0.0,0.1637,0.8408,2.308,4.9939,9.2347,15.1529,23.1597,31.9549,40.8012,49.5888","0.0,0.1063,0.5167,2.0602,5.0221,10.8183,19.4958,32.8756,50.1429,68.7044,89.4439","0.0,0.3571,1.0385,2.5542,4.5279,7.279,11.0852,16.2159,23.2496,31.2777,38.9418","0.0,0.3892,1.2804,3.7142,8.3634,16.5802,29.3674,45.1771,62.7011,80.6377,99.1547","0.0,0.7527,3.9872,13.5338,26.5599,42.1568,59.2484,76.9718,95.3956,114.3759,136.0345","0.0,0.1619,1.5814,5.4705,12.3641,21.7096,32.7047,44.7157,57.3232,70.1276,82.4454","0.0,0.2208,1.5567,4.3829,9.0287,15.4693,23.6431,33.4,44.3054,55.7224,66.9685","0.0,0.086,0.7189,2.5645,6.1284,12.5062,20.992,31.7074,44.5379,59.8322,78.1999","0.0,0.1203,0.5469,1.6314,3.5149,6.7221,11.5182,17.8922,25.9114,35.2664,46.443","0.0,0.2664,1.5645,4.3408,10.8461,19.9751,30.7458,42.4272,54.4376,66.3732,78.2132","0.0,0.4256,2.6386,7.068,16.6157,30.1255,45.8675,62.6944,80.2797,97.8649,116.2549","0.0,0.2365,1.2034,3.1396,9.3512,20.3024,35.4248,52.4422,70.227,88.1362,104.4285"
Stamp_30,"0.1518,0.2064,0.2615,0.3173,0.3742,0.4329,0.4944,0.5605,0.6346,0.7257,0.9273","-220.0007,-197.9999,-176.0003,-153.9957,-131.9989,-109.9971,-87.9971,-65.997,-43.9964,-21.9972,-0.0005","0.0,0.1722,0.8641,2.3526,5.0126,9.2479,15.1214,23.1105,31.9116,40.7668,49.5524","0.0,0.1222,0.5725,2.1258,5.0532,10.8028,19.4912,32.961,50.3263,68.9765,89.7372","0.0,0.3333,1.0664,2.6105,4.5767,7.2937,11.0638,16.1727,23.3906,31.3755,39.0578","0.0,0.3553,1.3315,3.7278,8.3827,16.6001,29.4456,45.2243,62.654,80.5042,98.8858","0.0003,0.7363,4.0604,13.6313,26.6286,42.1992,59.2557,77.0348,95.5473,114.5735,136.0333","0.0,0.1418,1.6071,5.4765,12.3613,21.7125,32.6923,44.6424,57.1922,69.9677,82.3036","0.0,0.2058,1.6136,4.4364,9.0971,15.5345,23.732,33.438,44.3464,55.7001,66.9234","0.0001,0.1015,0.761,2.6474,6.2464,12.6537,21.1905,31.9664,45.0022,60.3008,78.6575","0.0001,0.1083,0.5344,1.6249,3.528,6.7091,11.5486,17.9199,25.8759,35.1626,46.2407","0.0,0.2862,1.5851,4.3944,10.8946,20.0754,30.8869,42.5352,54.5004,66.435,78.2459","0.0,0.4728,2.6687,7.1743,16.7377,30.2881,46.0469,62.9453,80.4359,98.0806,116.4186","0.0,0.2479,1.2368,3.1719,9.3568,20.3472,35.4778,52.5342,70.3454,88.2942,104.6925"
Stamp_31,"0.1518,0.2064,0.2615,0.3173,0.3742,0.4329,0.4944,0.5605,0.6346,0.7257,0.9273","-220.0007,-197.9999,-176.0003,-153.9957,-131.9989,-109.9971,-87.9971,-65.997,-43.9964,-21.9972,-0.0005","0.0,0.1544,0.836,2.3081,4.986,9.2856,15.1899,23.1556,31.9192,40.775,49.6314","0.0,0.1079,0.5744,2.0896,5.0877,10.9435,19.6586,33.1161,50.4571,69.1027,90.2537","0.0,0.3228,1.0621,2.5985,4.6574,7.4382,11.254,16.4356,23.5869,31.631,39.4486","0.0,0.3558,1.351,3.7789,8.4914,16.7631,29.5805,45.4225,62.9687,80.9455,99.7739","0.0,0.8346,4.3341,14.0972,27.2492,42.9319,60.0569,77.8421,96.1419,115.6824,137.9637","0.0,0.1374,1.6007,5.6178,12.6168,22.0199,32.9866,45.0477,57.8592,70.7838,83.1682","0.0,0.1876,1.6001,4.5068,9.2114,15.7202,23.9527,33.795,44.8581,56.3187,67.6824","0.0,0.0856,0.832,2.7099,6.3295,12.6712,21.1281,31.8548,44.6235,59.9717,78.4281","0.0,0.0993,0.5367,1.6109,3.507,6.7574,11.6223,18.0001,26.0216,35.3379,46.4506","0.0,0.2687,1.5121,4.3069,10.7345,19.8364,30.6271,42.2166,54.2304,66.1353,77.9297","0.0,0.4528,2.5755,7.0747,16.6732,30.3383,46.1727,62.9707,80.5589,98.0732,116.4613","0.0,0.2342,1.1849,3.1363,9.3357,20.388,35.652,52.8105,70.7896,88.8577,105.2987"
Stamp_32,"0.1518,0.2064,0.2615,0.3173,0.3742,0.4329,0.4944,0.5605,0.6346,0.7257,0.9273","-220.0007,-197.9999,-176.0003,-153.9957,-131.9989,-109.9971,-87.9971,-65.997,-43.9964,-21.9972,-0.0005","0.0,0.1783,0.8901,2.3779,5.0989,9.4096,15.3049,23.3446,32.1498,41.0195,49.8145","0.0,0.1291,0.5781,2.1322,5.1933,10.9788,19.7034,33.1555,50.5461,69.2825,90.3002","0.0,0.3628,1.0848,2.5992,4.6019,7.3732,11.1687,16.2858,23.3614,31.3905,39.1256","0.0,0.4126,1.3608,3.8338,8.5353,16.7936,29.7542,45.6079,63.0862,81.0174,99.6169","0.0,0.8029,4.3758,14.0312,27.1691,42.8355,59.9006,77.8568,96.2278,115.751,137.6258","0.0,0.1498,1.6704,5.6839,12.6383,22.0226,33.1366,45.2508,57.9175,70.7416,83.1632","0.0,0.2254,1.6208,4.5313,9.2306,15.7194,23.9925,33.8266,44.8116,56.2717,67.6086","0.0,0.0915,0.7621,2.6791,6.4617,12.856,21.3748,32.3526,45.4126,60.8378,79.4078","0.0,0.1222,0.5546,1.6619,3.5995,6.8446,11.7192,18.1845,26.2149,35.5993,46.7253","0.0,0.2816,1.6262,4.4474,10.9457,20.1115,30.9151,42.6406,54.5543,66.4515,78.1742","0.0,0.4604,2.7499,7.2835,16.8972,30.5708,46.4411,63.3739,80.9397,98.6265,117.031","0.0,0.2521,1.2695,3.2158,9.4461,20.4532,35.6258,52.7272,70.5553,88.5129,104.9435"
Stamp_33,"0.1518,0.2064,0.2615,0.3173,0.3742,0.4329,0.4944,0.5605,0.6346,0.7257,0.9273","-220.0007,-197.9999,-176.0003,-153.9957,-131.9989,-109.9971,-87.9971,-65.997,-43.9964,-21.9972,-0.0005","0.0,0.1915,0.9127,2.4366,5.1533,9.4355,15.3917,23.4527,32.305,41.1683,50.0214","0.0,0.137,0.6221,2.1537,5.2161,10.9753,19.7229,33.2295,50.7136,69.4493,90.3958","0.0,0.3491,1.129,2.6779,4.6656,7.3806,11.1478,16.2102,23.4492,31.4521,39.1652","0.0,0.3995,1.4169,3.8357,8.5365,16.8079,29.7072,45.515,63.0147,80.8967,99.3327","0.0,0.8228,4.4785,14.2294,27.29,42.9227,60.0231,77.9565,96.4576,115.9398,137.3857","0.0,0.1729,1.7382,5.697,12.5853,21.9248,32.8785,44.9439,57.7322,70.5498,82.843","0.0,0.2114,1.6775,4.575,9.2726,15.7582,24.0072,33.7903,44.8428,56.2077,67.5318","0.0,0.1006,0.8023,2.7727,6.6406,13.0791,21.7004,32.7733,46.0184,61.5579,80.0453","0.0001,0.1269,0.5559,1.6877,3.6413,6.8579,11.7711,18.2343,26.2912,35.6461,46.7961","0.0,0.3049,1.6863,4.4279,11.0022,20.2048,31.0514,42.8259,54.8667,66.8934,78.5038","0.0,0.4973,2.7975,7.4015,16.9822,30.5856,46.4132,63.3339,80.9529,98.7259,117.0795","0.0,0.2553,1.2809,3.2481,9.4299,20.4902,35.6602,52.6982,70.5458,88.478,104.9741"
Stamp_34,"0.1518,0.2064,0.2615,0.3173,0.3742,0.4329,0.4944,0.5605,0.6346,0.7257,0.9273","-220.0007,-197.9999,-176.0003,-153.9957,-131.9989,-109.9971,-87.9971,-65.997,-43.9964,-21.9972,-0.0005","0.0,0.1915,0.8914,2.3981,5.1254,9.4478,15.3552,23.2778,32.0111,40.8271,49.6841","0.0,0.1267,0.6278,2.1641,5.2301,11.1115,19.8907,33.3787,50.7979,69.5147,90.9049","0.0,0.3436,1.1204,2.6201,4.6788,7.4484,11.238,16.3942,23.5498,31.5212,39.3738","0.0,0.3667,1.3977,3.7836,8.5872,16.9059,29.8548,45.8348,63.3918,81.3816,100.2884","0.0,0.8474,4.5919,14.3901,27.5965,43.3689,60.5845,78.5109,96.8147,116.4335,139.3532","0.0,0.1235,1.6994,5.7587,12.8358,22.2862,33.339,45.4008,58.1617,71.116,83.5123","0.0,0.203,1.7067,4.6524,9.4416,15.9855,24.3337,34.2475,45.353,56.865,68.2471","0.0,0.0885,0.8829,2.8242,6.6743,13.1489,21.7426,32.7239,45.7903,61.2771,79.88","0.0,0.1063,0.543,1.6551,3.6067,6.8832,11.8007,18.1892,26.2466,35.5462,46.6629","0.0,0.2952,1.6176,4.4219,10.9383,20.0875,30.8624,42.5285,54.5444,66.4529,78.2715","0.0,0.4989,2.7126,7.3557,16.9656,30.7147,46.667,63.5764,81.2953,98.9288,117.2715","0.0,0.2444,1.2731,3.2742,9.4872,20.5296,35.8186,53.0488,71.1094,89.2602,105.7406"
Stamp_35,"0.1518,0.2064,0.2615,0.3173,0.3742,0.4329,0.4944,0.5605,0.6346,0.7257,0.9273","-220.0007,-197.9999,-176.0003,-153.9957,-131.9989,-109.9971,-87.9971,-65.997,-43.9964,-21.9972,-0.0005","0.0,0.1692,0.9135,2.4463,5.2105,9.5536,15.466,23.5214,32.3368,41.1593,49.9814","0.0,0.1179,0.5962,2.1752,5.2984,11.1472,19.9455,33.5188,51.0601,69.8539,91.2","0.0,0.399,1.1437,2.6473,4.6891,7.4725,11.2502,16.3619,23.4357,31.3802,39.1653","0.0,0.4428,1.4395,3.9272,8.6865,16.9766,29.9417,45.8583,63.415,81.3951,100.073","0.0,0.8887,4.7099,14.4763,27.6962,43.3974,60.5933,78.4707,96.9516,116.5752,138.6963","0.0,0.1743,1.785,5.8911,12.8971,22.4126,33.5536,45.6585,58.5244,71.4325,83.7951","0.0,0.242,1.696,4.6757,9.4623,16.0096,24.3217,34.1895,45.2704,56.7074,68.103","0.0,0.0893,0.7873,2.7594,6.7596,13.1619,21.8521,32.9395,46.2854,61.9375,80.483","0.0,0.1268,0.5732,1.704,3.6949,6.9559,11.8806,18.39,26.4828,35.8978,47.0499","0.0,0.2879,1.6794,4.5615,11.104,20.2434,31.1234,42.8536,54.778,66.4096,78.0464","0.0,0.4808,2.8443,7.4495,17.0988,30.8407,46.7978,63.801,81.4671,99.3317,117.6256","0.0,0.2701,1.3191,3.317,9.5149,20.5546,35.7874,52.9645,70.9215,88.9568,105.3964"
Stamp_36,"0.1518,0.2064,0.2615,0.3173,0.3742,0.4329,0.4944,0.5605,0.6346,0.7257,0.9273","-220.0007,-197.9999,-176.0003,-153.9957,-131.9989,-109.9971,-87.9971,-65.997,-43.9964,-21.9972,-0.0005","0.0,0.188,0.9442,2.4973,5.2711,9.6376,15.5903,23.6271,32.4356,41.2569,50.078","0.0,0.1182,0.6363,2.2025,5.415,11.2085,19.9765,33.552,51.1177,69.8697,91.0898","0.0,0.3686,1.1758,2.714,4.7434,7.4583,11.2243,16.2887,23.5334,31.5462,39.2163","0.0,0.409,1.4843,3.9286,8.6772,16.9905,29.9534,45.8415,63.3793,81.2797,99.8184","0.0003,0.9011,4.7775,14.5285,27.689,43.4329,60.5715,78.5486,97.1427,116.7296,138.6455","0.0001,0.1736,1.8134,5.8447,12.8639,22.3281,33.3923,45.4468,58.2434,71.109,83.4998","0.0,0.2222,1.7684,4.7002,9.4936,16.0759,24.4254,34.2691,45.309,56.7003,68.0748","0.0,0.108,0.8359,2.861,6.899,13.3748,22.2057,33.2618,46.9016,62.7263,81.1093","0.0002,0.122,0.558,1.7265,3.7355,7.0005,11.9339,18.4161,26.5434,35.8868,47.0089","0.0,0.319,1.7196,4.5588,11.1381,20.3719,31.2813,43.0657,55.1459,67.0211,78.5981","0.0,0.5301,2.8711,7.5739,17.2499,31.0294,46.9628,64.0166,81.7316,99.6556,117.9232","0.0,0.2747,1.3505,3.349,9.5665,20.5626,35.7649,52.9261,70.907,88.9555,105.6201"
Stamp_100,"0.1518,0.2064,0.2615,0.3173,0.3742,0.4329,0.4944,0.5605,0.6346,0.7257,0.9273","-220.0007,-197.9999,-176.0003,-153.9957,-131.9989,-109.9971,-87.9971,-65.997,-43.9964,-21.9972,-0.0005","0.0,0.1424,0.6454,1.9297,4.3547,8.3693,14.1255,21.9824,30.683,39.4462,48.0504","0.0,0.068,0.3991,1.7385,4.3442,9.9313,18.4219,31.5575,48.6174,66.869,87.1905","0.0001,0.2572,0.8027,2.1694,4.0417,6.7588,10.5543,15.6156,22.7118,30.836,38.6514","0.0,0.2214,0.9441,3.0602,7.6546,15.7477,28.4288,44.1358,61.467,79.2716,97.6231","0.0,0.522,2.7757,11.1706,24.0782,39.3479,56.0515,73.5584,91.6952,109.9651,131.5923","0.0,0.1182,1.1312,4.36,11.0775,20.0838,30.7209,42.3782,54.6759,67.2248,79.322","0.0,0.1402,1.214,3.5571,7.9692,14.1297,22.1185,31.5776,42.2436,53.5094,64.5824","0.0,0.0697,0.5982,2.0689,5.0778,10.7262,18.5893,28.4288,40.4816,55.2283,72.0865","0.0,0.0695,0.3866,1.2939,3.034,6.0337,10.6045,16.6415,24.3481,33.4077,44.1231","0.0,0.2199,1.1544,3.6834,9.9848,18.783,29.2054,40.3593,52.1834,64.1652,76.1172","0.0,0.3166,1.8813,5.7864,15.1835,28.3615,43.8503,60.2996,77.5752,94.8729,112.3619","0.0,0.1603,0.9258,2.7756,8.7765,19.6746,34.608,51.3276,68.8085,86.3445,102.1837"
Stamp_101,"0.1518,0.2064,0.2615,0.3173,0.3742,0.4329,0.4944,0.5605,0.6346,0.7257,0.9273","-220.0007,-197.9999,-176.0003,-153.9957,-131.9989,-109.9971,-87.9971,-65.997,-43.9964,-21.9972,-0.0005","0.0,0.1255,0.6608,2.0143,4.4982,8.5553,14.3226,22.1486,30.7834,39.5559,48.1856","0.0,0.0929,0.3876,1.8213,4.4738,10.0674,18.5609,31.7142,48.7573,67.0651,87.3876","0.0,0.2782,0.8318,2.2574,4.1332,6.8125,10.5431,15.6871,22.6434,30.6216,38.2876","0.0,0.29,1.0186,3.1984,7.801,15.8637,28.5368,44.2107,61.4752,79.2717,97.4349","0.0,0.5135,3.0827,11.5378,24.4264,39.7391,56.5166,73.8987,91.9762,110.5709,131.8688","0.0,0.1048,1.2249,4.5661,11.349,20.4474,31.1026,42.7468,55.0415,67.552,79.5799","0.0,0.1814,1.2684,3.7128,8.113,14.2795,22.1862,31.6216,42.3146,53.5416,64.5502","0.0,0.0779,0.5606,2.1801,5.1588,10.8502,18.9338,29.0708,41.1599,56.3032,73.3815","0.0,0.1023,0.4079,1.3824,3.1216,6.1376,10.7307,16.8132,24.5533,33.6681,44.4924","0.0,0.2352,1.2585,3.8614,10.1974,19.0739,29.4906,40.7165,52.5359,64.501,76.3401","0.0,0.3417,2.1184,6.0799,15.4828,28.7237,44.2286,60.7077,78.0067,95.3266,113.3492","0.0,0.1869,0.9824,2.8759,8.8935,19.694,34.5631,51.2813,68.7635,86.3643,102.3661"
Stamp_102,"0.1518,0.2064,0.2615,0.3173,0.3742,0.4329,0.4944,0.5605,0.6346,0.7257,0.9273","-220.0007,-197.9999,-176.0003,-153.9957,-131.9989,-109.9971,-87.9971,-65.997,-43.9964,-21.9972,-0.0005","0.0,0.1585,0.7106,2.0906,4.5852,8.6357,14.4181,22.2333,30.9082,39.6693,48.2688","0.0,0.117,0.433,1.879,4.5445,10.1216,18.6206,31.8289,48.9633,67.3043,87.539","0.0,0.2509,0.8611,2.3123,4.1669,6.8297,10.582,15.5905,22.708,30.7521,38.3671","0.0,0.2835,1.061,3.2695,7.8272,15.8783,28.5384,44.1898,61.4421,79.1696,97.0979","0.0,0.5628,3.256,11.9458,24.7698,40.023,56.7858,74.2825,92.4281,111.0589,132.1565","0.0,0.1393,1.3004,4.6999,11.4506,20.4146,30.901,42.5406,54.943,67.5372,79.467","0.0,0.174,1.3408,3.7952,8.1722,14.3162,22.2331,31.6801,42.381,53.5682,64.5117","0.0,0.0838,0.6069,2.2515,5.2577,11.0746,19.323,29.7219,41.9067,57.0167,74.2099","0.0,0.1014,0.4241,1.3995,3.1336,6.1271,10.7099,16.8419,24.4877,33.6515,44.4788","0.0,0.2527,1.3253,3.9573,10.2849,19.1416,29.5562,40.8251,52.5436,64.4778,76.4011","0.0,0.3797,2.2496,6.2787,15.7711,29.0953,44.6424,61.1597,78.3909,95.6504,113.9688","0.0,0.1903,1.0228,2.9105,8.9454,19.754,34.6266,51.3747,68.9241,86.5046,102.5734"
Stamp_103,"0.1518,0.2064,0.2615,0.3173,0.3742,0.4329,0.4944,0.5605,0.6346,0.7257,0.9273","-220.0007,-197.9999,-176.0003,-153.9957,-131.9989,-109.9971,-87.9971,-65.997,-43.9964,-21.9972,-0.0005","0.0,0.145,0.7022,2.0425,4.5483,8.636,14.4374,22.2997,30.9763,39.6869,48.3287","0.0,0.0905,0.449,1.855,4.5721,10.213,18.7522,31.9596,49.0732,67.4007,87.8742","0.0,0.2635,0.8657,2.2821,4.1911,6.9149,10.7134,15.7669,22.8846,30.9124,38.7306","0.0,0.2554,1.0685,3.2859,7.9051,16.058,28.7156,44.4461,61.8619,79.7301,98.2456","0.0,0.5687,3.1448,12.1036,25.012,40.3789,57.2085,74.7458,92.8436,111.6371,133.3376","0.0,0.0965,1.2371,4.7759,11.5497,20.6125,31.2921,43.0056,55.4161,68.0344,80.1338","0.0,0.162,1.3313,3.8576,8.3218,14.5729,22.6063,32.1668,42.9045,54.1967,65.3376","0.0,0.0735,0.674,2.2782,5.3779,11.2111,19.3314,29.6051,41.6147,56.7643,73.9249","0.0,0.0746,0.4296,1.3583,3.1028,6.1727,10.793,16.9741,24.6693,33.7622,44.5396","0.0,0.2211,1.2785,3.9145,10.2058,19.0701,29.392,40.6713,52.4299,64.123,76.1396","0.0,0.3512,2.1507,6.2749,15.7364,29.0631,44.6253,61.1841,78.5478,95.8329,113.6337","0.0,0.1719,0.9956,2.8866,8.9715,19.8241,34.7668,51.5724,69.1571,86.8292,102.8344"
Stamp_104,"0.1518,0.2064,0.2615,0.3173,0.3742,0.4329,0.4944,0.5605,0.6346,0.7257,0.9273","-220.0007,-197.9999,-176.0003,-153.9957,-131.9989,-109.9971,-87.9971,-65.997,-43.9964,-21.9972,-0.0005","0.0,0.1493,0.721,2.1334,4.693,8.7979,14.5932,22.4456,31.1224,39.8671,48.5404","0.0,0.0858,0.4096,1.8885,4.6596,10.3185,18.8896,32.1618,49.3073,67.6634,88.1233","0.0,0.3039,0.8958,2.3501,4.2694,6.9827,10.761,15.8608,22.866,30.8845,38.5396","0.0,0.312,1.1126,3.4125,8.031,16.143,28.8395,44.5672,61.8817,79.6729,97.9695","0.0,0.5954,3.4578,12.3966,25.3793,40.7587,57.5257,75.1579,93.3685,111.8209,133.2787","0.0,0.1021,1.3457,4.9312,11.7313,20.9606,31.6669,43.3166,55.7789,68.3685,80.3527","0.0,0.1924,1.369,3.9569,8.4244,14.6498,22.6341,32.1621,42.9038,54.1716,65.2237","0.0,0.0805,0.6165,2.326,5.4543,11.3233,19.5907,29.8811,42.1831,57.3476,74.7384","0.0,0.104,0.4413,1.4434,3.2086,6.2623,10.9035,17.0218,24.7146,33.8587,44.7072","0.0,0.2461,1.3703,3.9951,10.3545,19.2787,29.7685,41.0386,52.88,64.7643,76.5219","0.0,0.3731,2.3348,6.5311,16.0142,29.3728,44.9951,61.6051,78.9135,96.169,114.5321","0.0,0.2072,1.0645,2.9921,9.0569,19.9169,34.9017,51.7494,69.4023,87.1014,103.2573"
Stamp_105,"0.1518,0.2064,0.2615,0.3173,0.3742,0.4329,0.4944,0.5605,0.6346,0.7257,0.9273","-220.0007,-197.9999,-176.0003,-153.9957,-131.9989,-109.9971,-87.9971,-65.997,-43.9964,-21.9972,-0.0005","0.0,0.1554,0.7492,2.1721,4.7192,8.8389,14.6399,22.5445,31.2642,39.9736,48.6011","0.0,0.0962,0.4548,1.9086,4.6848,10.3362,18.9203,32.2238,49.4257,67.7965,88.1904","0.0,0.3077,0.9518,2.4419,4.3272,7.0046,10.6941,15.7757,22.932,30.8339,38.4434","0.0,0.3023,1.1563,3.444,8.0576,16.1918,28.868,44.5436,61.844,79.583,97.6244","0.0,0.6105,3.6091,12.6746,25.5878,40.947,57.7238,75.427,93.7686,112.1036,133.3644","0.0,0.0984,1.3859,5.0265,11.797,20.9083,31.5189,43.2422,55.7702,68.3018,80.2335","0.0,0.1761,1.4388,4.034,8.472,14.7064,22.717,32.2749,43.0577,54.298,65.3522","0.0,0.0838,0.6505,2.4066,5.6232,11.6189,19.9543,30.3343,43.0073,58.0735,75.5826","0.0,0.1222,0.4662,1.4737,3.2512,6.3029,10.9299,17.1269,24.9018,34.0282,44.9529","0.0,0.2435,1.4277,4.0478,10.4768,19.4172,29.9655,41.3318,53.1342,64.9331,76.7117","0.0,0.3973,2.4237,6.7291,16.2211,29.5927,45.1672,61.8067,79.2688,96.5834,114.9735","0.0,0.2007,1.0956,3.0192,9.128,20.0364,34.9947,51.7337,69.2815,86.8881,103.0124"
Stamp_106,"0.1518,0.2064,0.2615,0.3173,0.3742,0.4329,0.4944,0.5605,0.6346,0.7257,0.9273","-220.0007,-197.9999,-176.0003,-153.9957,-131.9989,-109.9971,-87.9971,-65.997,-43.9964,-21.9972,-0.0005","0.0,0.1327,0.7284,2.1403,4.7048,8.8208,14.6134,22.4785,31.1324,39.8731,48.5194","0.0,0.1002,0.4777,1.9162,4.7621,10.4854,19.1033,32.411,49.586,68.0322,88.5365","0.0001,0.2671,0.9063,2.3573,4.3083,7.0442,10.8496,15.9418,22.9409,30.9686,38.7374","0.0,0.259,1.132,3.4243,8.0889,16.2795,29.0168,44.7575,62.208,80.0998,98.7049","0.0,0.6781,3.6319,12.8925,25.9277,41.4542,58.3643,76.0172,94.1488,113.0831,134.9999","0.0,0.1123,1.3934,5.0638,11.9804,21.2233,31.9651,43.7222,56.1516,68.7759,80.895","0.0,0.1673,1.427,4.0825,8.629,14.9343,23.0012,32.7031,43.4676,54.7709,65.8938","0.0,0.076,0.7233,2.4325,5.6314,11.6393,19.9741,30.3074,42.7351,57.8021,75.2893","0.0,0.0839,0.455,1.4211,3.211,6.3158,10.9831,17.1725,24.9938,34.055,44.9011","0.0,0.2521,1.3816,4.0868,10.4204,19.3245,29.7605,41.1616,52.9604,64.7576,76.6471","0.0,0.3924,2.3404,6.6902,16.1696,29.6087,45.2538,61.8971,79.3592,96.6388,114.6227","0.0,0.198,1.0952,3.0135,9.1345,19.9973,34.9996,51.8904,69.5628,87.2821,103.4016"
Stamp_107,"0.1518,0.2064,0.2615,0.3173,0.3742,0.4329,0.4944,0.5605,0.6346,0.7257,0.9273","-220.0007,-197.9999,-176.0003,-153.9957,-131.9989,-109.9971,-87.9971,-65.997,-43.9964,-21.9972,-0.0005","0.0,0.1535,0.773,2.2184,4.8476,9.0285,14.8298,22.7095,31.3501,40.0519,48.737","0.0,0.1015,0.4598,1.9719,4.8696,10.6151,19.2379,32.5875,49.7981,68.28,88.8441","0.0,0.3192,0.9418,2.4183,4.3686,7.0994,10.8973,15.9789,22.9586,30.9472,38.6722","0.0,0.3712,1.227,3.6159,8.2437,16.4294,29.174,44.953,62.3619,80.1405,98.5364","0.0,0.6768,3.7935,13.1113,26.0851,41.586,58.5296,76.1301,94.4045,113.3609,134.9439","0.0,0.122,1.4861,5.2628,12.1314,21.3343,32.0483,43.8604,56.3688,68.9621,80.9892","0.0,0.204,1.4591,4.1604,8.6911,15.0289,23.085,32.7241,43.5389,54.8605,65.9662","0.0,0.0834,0.6574,2.4413,5.7838,11.9148,20.2726,30.6587,43.3841,58.5708,76.3363","0.0,0.1086,0.471,1.4823,3.2813,6.4037,11.0897,17.2954,25.1287,34.2483,45.1568","0.0,0.2593,1.4776,4.1935,10.5749,19.5582,30.0542,41.436,53.3267,65.0645,76.7447","0.0,0.4058,2.5329,6.8914,16.4048,29.8913,45.5661,62.2615,79.8062,97.1487,115.5159","0.0,0.2251,1.1572,3.105,9.2093,20.0681,35.0794,51.9686,69.6896,87.462,103.7164"
Stamp_108,"0.1518,0.2064,0.2615,0.3173,0.3742,0.4329,0.4944,0.5605,0.6346,0.7257,0.9273","-220.0007,-197.9999,-176.0003,-153.9957,-131.9989,-109.9971,-87.9971,-65.997,-43.9964,-21.9972,-0.0005","0.0001,0.1757,0.7992,2.2523,4.8703,9.0499,14.9153,22.8617,31.5804,40.385,49.1134","0.0,0.1119,0.4714,1.9817,4.8636,10.5603,19.2328,32.5976,49.8805,68.4163,88.9756","0.0,0.2966,0.9885,2.4797,4.3998,7.0964,10.8057,15.8788,23.0909,31.0542,38.6711","0.0,0.3362,1.2504,3.6052,8.2313,16.4082,29.1282,44.8773,62.2429,79.9996,98.2001","0.0,0.7461,4.0384,13.4297,26.3056,41.762,58.6444,76.3086,94.6936,113.6558,134.952","0.0,0.1544,1.5639,5.3062,12.1171,21.2643,31.9356,43.7728,56.2712,68.8887,80.9323","0.0,0.1883,1.5185,4.2087,8.733,15.065,23.1016,32.7279,43.5522,54.8476,65.9355","0.0001,0.0904,0.6998,2.5573,5.9411,12.2261,20.7318,31.2446,44.0947,59.2531,77.2902","0.0,0.1182,0.4773,1.5281,3.3528,6.4791,11.1782,17.4,25.2257,34.4131,45.343","0.0,0.2858,1.5463,4.2531,10.6689,19.6757,30.2798,41.6614,53.4279,65.1873,76.8659","0.0,0.4412,2.6076,7.0372,16.5821,30.0612,45.7069,62.4435,79.9009,97.3878,115.7154","0.0,0.2296,1.1805,3.1063,9.2122,20.11,35.1351,52.0115,69.6815,87.4966,103.7552"
Stamp_109,"0.1518,0.2064,0.2615,0.3173,0.3742,0.4329,0.4944,0.5605,0.6346,0.7257,0.9273","-220.0007,-197.9999,-176.0003,-153.9957,-131.9989,-109.9971,-87.9971,-65.997,-43.9964,-21.9972,-0.0005","0.0,0.143,0.731,2.1492,4.6936,8.8184,14.5901,22.4492,31.1754,39.9582,48.6271","0.0,0.0885,0.4604,1.9364,4.7557,10.4851,19.0909,32.3794,49.517,67.9173,88.3952","0.0,0.2814,0.9207,2.3633,4.3196,7.0541,10.8391,15.9014,23.0015,31.0569,38.8595","0.0,0.2963,1.1601,3.439,8.108,16.3017,29.0458,44.7902,62.2589,80.1692,98.7422","0.0,0.6376,3.5319,12.7446,25.775,41.2849,58.1967,75.9289,94.1275,113.0775,134.9531","0.0,0.1324,1.3972,5.0828,11.942,21.1754,31.8854,43.6783,56.1756,68.9137,81.0826","0.0,0.1621,1.4162,4.0515,8.6136,14.9245,22.9884,32.5968,43.3373,54.6279,65.7603","0.0,0.0799,0.7277,2.4335,5.6521,11.6247,19.9172,30.285,42.7003,57.8069,75.3303","0.0,0.083,0.4519,1.4094,3.1901,6.2883,10.9723,17.1446,24.9363,34.0074,44.8362","0.0,0.2451,1.4009,4.0758,10.4168,19.3328,29.7797,41.1393,52.8711,64.8142,76.8663","0.0,0.3979,2.3518,6.698,16.1652,29.5758,45.211,61.8673,79.3753,96.7158,114.8249","0.0,0.1993,1.0891,3.0016,9.088,20.0203,35.0569,51.9846,69.6485,87.361,103.432"
Stamp_110,"0.1518,0.2064,0.2615,0.3173,0.3742,0.4329,0.4944,0.5605,0.6346,0.7257,0.9273","-220.0007,-197.9999,-176.0003,-153.9957,-131.9989,-109.9971,-87.9971,-65.997,-43.9964,-21.9972,-0.0005","0.0,0.1407,0.772,2.2124,4.8186,8.9891,14.777,22.6817,31.4024,40.1814,48.8979","0.0,0.1013,0.461,1.9684,4.8613,10.5975,19.2323,32.5341,49.7337,68.1373,88.6642","0.0,0.3193,0.9371,2.4093,4.3606,7.0821,10.8744,15.9321,22.9062,30.963,38.6919","0.0,0.3561,1.2044,3.5808,8.2149,16.4033,29.155,44.8927,62.3153,80.113,98.5588","0.0,0.6722,3.7167,12.9921,25.9741,41.4692,58.4409,76.0749,94.3933,113.417,134.9057","0.0,0.1354,1.4959,5.2519,12.1154,21.343,32.1328,43.9499,56.5363,69.2038,81.2871","0.0,0.2013,1.4531,4.157,8.6816,15.0097,22.9909,32.5551,43.3287,54.5986,65.704","0.0,0.0826,0.6686,2.4574,5.8145,11.9792,20.3186,30.7029,43.4654,58.6057,76.3515","0.0,0.1102,0.471,1.4872,3.2833,6.3977,11.0608,17.2571,25.0946,34.2377,45.2133","0.0,0.2598,1.4823,4.1699,10.5342,19.5404,30.0615,41.4201,53.3198,65.0159,76.882","0.0,0.4111,2.5381,6.8976,16.3994,29.8448,45.4968,62.2013,79.7881,97.1823,115.6052","0.0,0.2282,1.1581,3.0803,9.1802,20.0411,35.0629,51.957,69.6562,87.3948,103.6224"
Stamp_111,"0.1518,0.2064,0.2615,0.3173,0.3742,0.4329,0.4944,0.5605,0.6346,0.7257,0.9273","-220.0007,-197.9999,-176.0003,-153.9957,-131.9989,-109.9971,-87.9971,-65.997,-43.9964,-21.9972,-0.0005","0.0,0.1659,0.7977,2.2601,4.8528,9.0438,14.8125,22.6747,31.3909,40.1357,48.8139","0.0,0.1241,0.513,2.02,4.8964,10.5991,19.213,32.5808,49.8884,68.4239,88.9574","0.0,0.2972,0.9646,2.4627,4.3893,7.092,10.8312,15.8799,23.0321,31.0274,38.7261","0.0,0.3405,1.2601,3.6175,8.2306,16.4086,29.1992,44.9588,62.3586,80.1301,98.3455","0.0002,0.666,3.8638,13.233,26.1476,41.6244,58.5608,76.2634,94.6479,113.7494,134.9694","0.0,0.1085,1.517,5.2568,12.0936,21.1953,31.8436,43.6918,56.3184,69.0453,81.1173","0.0,0.188,1.521,4.2113,8.7493,15.0852,23.095,32.6519,43.4051,54.6084,65.6341","0.0,0.096,0.7041,2.5409,5.9324,12.2134,20.6138,31.1256,43.9883,59.142,77.1267","0.0,0.102,0.474,1.4999,3.3032,6.4271,11.1156,17.3183,25.1009,34.2391,45.1317","0.0,0.2769,1.5033,4.2471,10.6259,19.611,30.1784,41.601,53.4249,65.3548,77.2039","0.0,0.4559,2.5779,7.0449,16.5819,30.0456,45.6789,62.4289,79.9661,97.4451,115.786","0.0,0.2443,1.1995,3.0989,9.2264,20.179,35.2236,52.0793,69.6725,87.3051,103.3521"
Stamp_112,"0.1518,0.2064,0.2615,0.3173,0.3742,0.4329,0.4944,0.5605,0.6346,0.7257,0.9273","-220.0007,-197.9999,-176.0003,-153.9957,-131.9989,-109.9971,-87.9971,-65.997,-43.9964,-21.9972,-0.0005","0.0,0.1547,0.7911,2.2312,4.835,9.0582,14.903,22.7771,31.446,40.2597,49.0085","0.0,0.0868,0.4982,1.9891,4.9247,10.7177,19.4033,32.8167,50.0689,68.679,89.378","0.0002,0.301,0.9684,2.4628,4.4737,7.226,11.0305,16.12,23.1695,31.2691,39.1405","0.0,0.3132,1.256,3.6339,8.3218,16.5605,29.2878,45.1054,62.5752,80.4822,99.166","0.0,0.7795,4.0011,13.4953,26.6077,42.2033,59.1972,77.0199,95.2662,114.7968,136.878","0.0,0.1397,1.529,5.4105,12.2831,21.5511,32.3273,44.2657,56.8768,69.7568,81.9619","0.0,0.1711,1.4938,4.2508,8.8807,15.2815,23.3643,33.0007,43.8154,55.1711,66.3695","0.0,0.0822,0.7667,2.5429,5.986,12.2483,20.7104,31.1581,43.9562,59.1034,77.0463","0.0,0.0883,0.4756,1.4647,3.2795,6.4236,11.1338,17.401,25.3081,34.4402,45.3012","0.0,0.2527,1.4567,4.1199,10.4615,19.4328,29.914,41.3011,53.0725,64.9552,76.9006","0.0,0.4299,2.4982,6.9496,16.4652,30.0238,45.7486,62.5454,80.0896,97.4619,115.8436","0.0,0.2258,1.1546,3.0831,9.1897,20.1746,35.3415,52.2685,69.9872,87.8267,103.9863"
Stamp_113,"0.1518,0.2064,0.2615,0.3173,0.3742,0.4329,0.4944,0.5605,0.6346,0.7257,0.9273","-220.0007,-197.9999,-176.0003,-153.9957,-131.9989,-109.9971,-87.9971,-65.997,-43.9964,-21.9972,-0.0005","0.0,0.1561,0.8122,2.2866,4.9621,9.1932,14.9984,22.9051,31.6059,40.4164,49.1435","0.0,0.1006,0.486,2.0199,5.0137,10.7963,19.4911,32.8735,50.1778,68.7627,89.4046","0.0,0.3448,0.9818,2.4766,4.4578,7.1939,10.9642,16.0306,23.0019,31.0249,38.6782","0.0,0.4058,1.3057,3.7389,8.3974,16.6332,29.3939,45.1657,62.6355,80.5325,99.037","0.0,0.7532,4.1054,13.6504,26.6643,42.2684,59.3292,77.0529,95.453,114.4577,136.1298","0.0,0.1506,1.6087,5.5142,12.3914,21.6792,32.5914,44.5288,57.1435,69.8531,81.958","0.0,0.2101,1.5272,4.3275,8.9274,15.3112,23.4218,33.0807,43.9386,55.2658,66.4122","0.0,0.0813,0.6983,2.5689,6.1553,12.5214,21.0392,31.7024,44.5257,59.8121,78.1156","0.0,0.1135,0.4967,1.5367,3.3884,6.5791,11.3134,17.6046,25.504,34.7264,45.7615","0.0,0.2674,1.5636,4.3049,10.7252,19.7684,30.3952,41.8345,53.6336,65.4045,77.0486","0.0,0.438,2.68,7.1549,16.7263,30.3052,46.0846,62.8972,80.4854,98.0621,116.3941","0.0,0.243,1.2297,3.1692,9.3215,20.2298,35.3213,52.2534,69.9619,87.8357,104.1052"
Stamp_114,"0.1518,0.2064,0.2615,0.3173,0.3742,0.4329,0.4944,0.5605,0.6346,0.7257,0.9273","-220.0007,-197.9999,-176.0003,-153.9957,-131.9989,-109.9971,-87.9971,-65.997,-43.9964,-21.9972,-0.0005","0.0,0.1743,0.8336,2.3308,5.002,9.22,15.095,23.0634,31.8165,40.5954,49.3371","0.0,0.1193,0.5231,2.0467,5.0297,10.7463,19.4502,32.9113,50.3022,69.0028,89.6748","0.0,0.3205,1.0342,2.5469,4.5104,7.2044,10.9205,15.945,23.1575,31.1483,38.8275","0.0,0.3767,1.3535,3.7337,8.3967,16.6396,29.4223,45.1689,62.5523,80.3574,98.724","0.0,0.779,4.2624,13.8266,26.8172,42.4014,59.4763,77.1951,95.7335,114.7803,136.1776","0.0,0.1634,1.6755,5.5312,12.3032,21.5275,32.3637,44.3286,56.891,69.5714,81.72","0.0,0.1947,1.5856,4.3629,8.9573,15.3423,23.4546,33.1085,43.9837,55.2687,66.4349","0.0,0.0953,0.7442,2.6617,6.3282,12.761,21.2671,32.0686,45.1455,60.4387,78.8414","0.0001,0.1206,0.4938,1.5713,3.4361,6.597,11.3741,17.6621,25.4619,34.6632,45.6315","0.0,0.3003,1.6185,4.3363,10.8013,19.908,30.5931,42.0688,53.8357,65.6804,77.4355","0.0,0.479,2.7128,7.2471,16.887,30.4851,46.2484,63.0963,80.5811,98.2427,116.6106","0.0,0.2496,1.2513,3.1705,9.3154,20.2789,35.3308,52.2153,69.8636,87.6902,103.9928"
Stamp_115,"0.1518,0.2064,0.2615,0.3173,0.3742,0.4329,0.4944,0.5605,0.6346,0.7257,0.9273","-220.0007,-197.9999,-176.0003,-153.9957,-131.9989,-109.9971,-87.9971,-65.997,-43.9964,-21.9972,-0.0005","0.0,0.1663,0.8148,2.2986,4.9584,9.2392,15.0787,22.9494,31.6011,40.3785,49.1232","0.0,0.0993,0.535,2.0485,5.0729,10.9096,19.6686,33.1207,50.4857,69.1654,90.1712","0.0,0.3095,1.0152,2.4868,4.5242,7.2673,11.0523,16.1181,23.1291,31.1508,38.9846","0.0,0.3608,1.3566,3.7244,8.5013,16.7807,29.609,45.4123,62.8687,80.7827,99.6125","0.0,0.8353,4.3946,14.0861,27.2308,42.8875,60.0208,77.7735,96.1059,115.6434,137.9618","0.0,0.1466,1.6424,5.618,12.5767,21.9021,32.7419,44.6938,57.3995,70.1773,82.4529","0.0,0.1818,1.5798,4.4312,9.1227,15.5936,23.7875,33.5256,44.4858,55.8902,67.1569","0.0,0.082,0.8129,2.6713,6.2932,12.6877,21.2062,31.9604,44.7473,60.0754,78.4916","0.0,0.0888,0.4851,1.5234,3.3954,6.6076,11.3993,17.6956,25.6655,34.7812,45.6635","0.0,0.2667,1.5532,4.2867,10.7195,19.7102,30.331,41.762,53.6784,65.3429,77.2208","0.0,0.4672,2.6246,7.2027,16.8002,30.5013,46.383,63.2307,80.8873,98.4159,116.7592","0.0,0.2352,1.2477,3.2041,9.3523,20.3259,35.4618,52.4857,70.2903,88.1674,104.3143"
Stamp_116,"0.1518,0.2064,0.2615,0.3173,0.3742,0.4329,0.4944,0.5605,0.6346,0.7257,0.9273","-220.0007,-197.9999,-176.0003,-153.9957,-131.9989,-109.9971,-87.9971,-65.997,-43.9964,-21.9972,-0.0005","0.0,0.1694,0.8514,2.3453,5.0806,9.3519,15.2132,23.1418,31.8457,40.6666,49.3877","0.0,0.1119,0.525,2.0998,5.1798,10.9478,19.6979,33.1362,50.5225,69.2781,90.2183","0.0,0.3583,1.034,2.5238,4.552,7.2884,11.0653,16.1376,23.118,31.1512,38.8192","0.0,0.4168,1.3708,3.8402,8.5604,16.835,29.767,45.588,63.0331,80.9327,99.5337","0.0,0.7801,4.4082,14.088,27.2576,42.9688,60.0741,78.0436,96.3858,115.9564,137.8706","0.0,0.1617,1.7234,5.7447,12.6938,22.0082,32.9751,44.9728,57.6407,70.3972,82.6217","0.0,0.2256,1.6059,4.471,9.1323,15.5943,23.8123,33.5775,44.5115,55.8693,67.0908","0.0,0.0834,0.7371,2.664,6.4581,12.8991,21.4637,32.4722,45.6053,61.0441,79.5321","0.0,0.1174,0.5162,1.5717,3.4763,6.7004,11.5186,17.8899,25.8296,34.9744,45.9498","0.0,0.2771,1.623,4.4145,10.858,19.9253,30.611,42.1787,53.9131,65.5846,77.1886","0.0,0.4648,2.7852,7.3323,16.9491,30.6601,46.5113,63.4113,80.9558,98.66,117.0218","0.0,0.2575,1.2826,3.2248,9.3885,20.3682,35.5462,52.5968,70.3711,88.2809,104.6267"
Stamp_117,"0.1518,0.2064,0.2615,0.3173,0.3742,0.4329,0.4944,0.5605,0.6346,0.7257,0.9273","-220.0007,-197.9999,-176.0003,-153.9957,-131.9989,-109.9971,-87.9971,-65.997,-43.9964,-21.9972,-0.0005","0.0,0.186,0.8918,2.4197,5.1193,9.3898,15.2339,23.1823,31.9287,40.6955,49.42","0.0,0.1337,0.5759,2.1735,5.2325,10.9814,19.7348,33.2798,50.7967,69.5801,90.4533","0.0,0.3437,1.0716,2.5906,4.6067,7.301,11.0384,16.0973,23.2923,31.2866,38.9652","0.0,0.3938,1.4286,3.8528,8.5848,16.8574,29.7896,45.6162,63.0129,80.8361,99.2272","0.0,0.8417,4.6042,14.3103,27.4089,43.1095,60.2289,78.1052,96.5617,116.1182,137.8509","0.0,0.167,1.7466,5.7329,12.6511,22.0338,32.9626,44.8529,57.4353,70.1372,82.4087","0.0,0.2061,1.6637,4.5262,9.2119,15.6794,23.9147,33.6354,44.5809,55.863,67.0852","0.0001,0.1002,0.7699,2.7487,6.6211,13.0708,21.6976,32.7892,46.0723,61.5257,79.9443","0.0,0.101,0.4956,1.5829,3.5238,6.713,11.5189,17.8732,25.7744,34.9357,45.8133","0.0001,0.2924,1.6425,4.4597,10.9125,19.9591,30.6523,42.1855,54.0695,65.9675,77.7072","0.0,0.5133,2.8235,7.4586,17.0987,30.8107,46.734,63.729,81.2805,99.0426,117.3303","0.0,0.274,1.3282,3.2849,9.439,20.3709,35.4842,52.4925,70.2719,88.1783,104.5814"
Stamp_118,"0.1518,0.2064,0.2615,0.3173,0.3742,0.4329,0.4944,0.5605,0.6346,0.7257,0.9273","-220.0007,-197.9999,-176.0003,-153.9957,-131.9989,-109.9971,-87.9971,-65.997,-43.9964,-21.9972,-0.0005","0.0,0.1347,0.7091,2.0777,4.6114,8.7422,14.5146,22.3628,31.056,39.8626,48.5647","0.0,0.0965,0.465,1.9038,4.6379,10.3131,18.8725,32.1191,49.26,67.6631,88.0739","0.0,0.2771,0.895,2.3562,4.2898,7.0291,10.8305,15.9165,23.0062,31.1243,38.9288","0.0,0.2753,1.1242,3.3938,8.0392,16.1763,28.8911,44.6329,61.9659,79.7441,98.2823","0.0,0.6402,3.3297,12.3645,25.3465,40.7827,57.6732,75.2355,93.3493,112.2095,133.9514","0.0,0.1534,1.3641,4.9259,11.7759,20.9025,31.5606,43.3376,55.7786,68.4145,80.5854","0.0,0.1584,1.3608,3.9325,8.4718,14.7465,22.7834,32.2985,42.9557,54.1915,65.3023","0.0,0.0818,0.692,2.3233,5.4742,11.2874,19.4294,29.6875,41.7606,56.8781,74.1211","0.0,0.0819,0.4447,1.3705,3.1255,6.188,10.8183,16.9112,24.6296,33.7703,44.6222","0.0,0.2395,1.3107,3.8806,10.1661,19.0417,29.4455,40.7186,52.6015,64.5033,76.5087","0.0,0.3805,2.2328,6.4708,15.9273,29.285,44.8554,61.4567,78.7955,96.1288,114.1051","0.0,0.1923,1.0253,2.9183,8.9955,19.9438,34.9324,51.7675,69.369,87.0148,103.1047"
Stamp_119,"0.1518,0.2064,0.2615,0.3173,0.3742,0.4329,0.4944,0.5605,0.6346,0.7257,0.9273","-220.0007,-197.9999,-176.0003,-153.9957,-131.9989,-109.9971,-87.9971,-65.997,-43.9964,-21.9972,-0.0005","0.0,0.1436,0.7384,2.171,4.7558,8.9018,14.6823,22.5762,31.2675,40.0529,48.7451","0.0,0.0997,0.4402,1.9307,4.7844,10.5134,19.1166,32.3749,49.5185,67.8467,88.3002","0.0,0.3084,0.9161,2.385,4.326,7.0465,10.8344,15.9125,22.8974,30.9268,38.6413","0.0,0.3515,1.1766,3.5154,8.1376,16.2863,29.0295,44.7626,62.0993,79.8445,98.1563","0.0,0.5933,3.5256,12.6293,25.5991,41.0279,57.8117,75.4678,93.6522,112.4239,133.7971","0.0,0.1193,1.4322,5.0896,11.9033,21.105,31.8369,43.5632,55.9825,68.5428,80.6332","0.0,0.1944,1.4049,4.06,8.5866,14.8688,22.8816,32.4297,43.1899,54.4641,65.4892","0.0,0.0787,0.6331,2.3696,5.5749,11.565,19.8951,30.2032,42.6902,57.7745,75.293","0.0,0.1061,0.4505,1.4545,3.2195,6.2821,10.94,17.1231,24.8916,34.0445,44.9834","0.0,0.2526,1.4221,4.0729,10.4312,19.371,29.8678,41.2166,53.052,64.839,76.6709","0.0,0.3941,2.4378,6.7193,16.1918,29.575,45.1817,61.8224,79.2312,96.5175,114.9015","0.0,0.2164,1.1035,3.0259,9.0946,19.9511,34.9112,51.7369,69.3611,87.0152,103.1991"
Stamp_120,"0.1518,0.2064,0.2615,0.3173,0.3742,0.4329,0.4944,0.5605,0.6346,0.7257,0.9273","-220.0007,-197.9999,-176.0003,-153.9957,-131.9989,-109.9971,-87.9971,-65.997,-43.9964,-21.9972,-0.0005","0.0003,0.1678,0.7677,2.2158,4.7962,8.9308,14.7336,22.6667,31.4443,40.2218,48.9161","0.0,0.1129,0.463,1.9488,4.7499,10.4179,19.0082,32.3264,49.5527,68.0114,88.435","0.0,0.2916,0.9639,2.4459,4.3546,7.0373,10.7442,15.8127,22.9946,31.0201,38.6996","0.0,0.3296,1.2177,3.5279,8.1292,16.2754,29.0232,44.76,62.0635,79.74,97.8291","0.0,0.6363,3.7335,12.9187,25.8478,41.2626,58.0674,75.7923,94.0399,112.8065,133.8851","0.0,0.1462,1.5107,5.1552,11.9172,21.0548,31.7209,43.487,55.9943,68.5747,80.5518","0.0,0.1836,1.4792,4.1306,8.6371,14.9046,22.9089,32.4697,43.2189,54.4237,65.4194","0.0,0.0898,0.6866,2.4925,5.7728,11.9023,20.2448,30.5968,43.3478,58.4514,76.0276","0.0001,0.1189,0.4701,1.5017,3.2786,6.3444,10.9748,17.1261,24.8924,33.9763,44.8277","0.0,0.285,1.5006,4.178,10.5381,19.5345,30.1155,41.497,53.3237,64.9521,76.6688","0.0,0.4289,2.5291,6.8952,16.3777,29.7473,45.2841,61.9215,79.4148,96.7702,115.1743","0.0,0.2202,1.1354,3.0442,9.1261,19.9929,34.9664,51.7267,69.3102,86.9632,103.145"
Stamp_121,"0.1518,0.2064,0.2615,0.3173,0.3742,0.4329,0.4944,0.5605,0.6346,0.7257,0.9273","-220.0007,-197.9999,-176.0003,-153.9957,-131.9989,-109.9971,-87.9971,-65.997,-43.9964,-21.9972,-0.0005","0.0,0.1569,0.7556,2.1683,4.7571,8.9123,14.6785,22.5135,31.1812,39.9422,48.5887","0.0,0.0847,0.4859,1.942,4.8058,10.5511,19.1864,32.4921,49.6798,68.1949,88.7169","0.0,0.2946,0.9515,2.4039,4.3877,7.1202,10.9145,15.9811,23.0673,31.162,38.9543","0.0,0.2992,1.2132,3.5064,8.2133,16.4327,29.2483,44.9944,62.3979,80.2811,98.86","0.0,0.6814,3.7637,13.1008,26.1876,41.7142,58.5995,76.3279,94.5165,113.8064,135.7777","0.0,0.1208,1.4685,5.2646,12.1388,21.3742,32.1176,43.9426,56.4544,69.1384,81.3185","0.0,0.1632,1.4591,4.1792,8.7992,15.1446,23.2403,32.8866,43.6697,55.0479,66.1905","0.0,0.0773,0.7259,2.4854,5.7739,11.8478,20.2287,30.5432,43.0467,58.1419,75.7468","0.0,0.0854,0.4518,1.4313,3.2206,6.369,11.0504,17.2258,25.0471,34.1302,45.0447","0.0,0.2519,1.4114,4.0848,10.4104,19.2979,29.7317,41.1094,52.9349,64.7522,76.6684","0.0,0.4173,2.4135,6.7982,16.2855,29.7581,45.4087,62.061,79.5536,96.8653,114.9363","0.0,0.212,1.1303,3.0464,9.1567,20.1178,35.1715,52.0868,69.6909,87.3445,103.386"
Stamp_122,"0.1518,0.2064,0.2615,0.3173,0.3742,0.4329,0.4944,0.5605,0.6346,0.7257,0.9273","-220.0007,-197.9999,-176.0003,-153.9957,-131.9989,-109.9971,-87.9971,-65.997,-43.9964,-21.9972,-0.0005","0.0,0.1447,0.78,2.2369,4.8901,9.0848,14.8703,22.7477,31.4381,40.2509,48.9564","0.0,0.1044,0.4712,1.9961,4.9387,10.6929,19.3412,32.6921,49.9583,68.4462,88.9614","0.0,0.3377,0.9629,2.4446,4.4089,7.1374,10.9265,15.9989,22.9969,31.0158,38.7293","0.0,0.3741,1.2534,3.6566,8.295,16.5031,29.2763,45.0145,62.4318,80.241,98.7203","0.0,0.7061,3.9045,13.3228,26.3145,41.8735,58.8808,76.4458,94.7288,113.8741,135.2995","0.0,0.1443,1.555,5.3839,12.2569,21.4975,32.2414,44.1263,56.6674,69.3089,81.3295","0.0,0.2047,1.4934,4.234,8.8331,15.2165,23.2722,32.8911,43.7023,54.9634,66.0337","0.0,0.0813,0.6764,2.4932,5.9215,12.1793,20.6206,31.1105,43.8936,59.0663,77.0758","0.0,0.1132,0.4811,1.4972,3.3197,6.4584,11.158,17.4076,25.2912,34.4169,45.3622","0.0,0.2659,1.5258,4.2514,10.661,19.6426,30.1383,41.5075,53.3254,65.1272,76.9023","0.0,0.4213,2.5752,7.0267,16.5392,30.0443,45.7133,62.4603,80.0444,97.4555,115.8254","0.0,0.2342,1.1838,3.1119,9.2148,20.1057,35.1282,52.0476,69.7593,87.5562,103.7748"
Stamp_123,"0.1518,0.2064,0.2615,0.3173,0.3742,0.4329,0.4944,0.5605,0.6346,0.7257,0.9273","-220.0007,-197.9999,-176.0003,-153.9957,-131.9989,-109.9971,-87.9971,-65.997,-43.9964,-21.9972,-0.0005","0.0,0.1754,0.8169,2.2796,4.912,9.1046,14.9386,22.8663,31.5787,40.3728,49.0571","0.0,0.1161,0.5123,2.0075,4.9713,10.7042,19.3948,32.7817,50.0573,68.5551,89.0833","0.0,0.3043,1.0037,2.5092,4.4535,7.1486,10.8675,15.9055,23.0855,31.0664,38.7548","0.0,0.3423,1.291,3.6563,8.2951,16.4974,29.3054,45.055,62.3873,80.1054,98.3506","0.0,0.7558,4.1466,13.6904,26.6547,42.1373,59.1303,76.7367,95.0851,114.2483,135.4466","0.0,0.142,1.6079,5.3885,12.1922,21.3726,32.0596,43.9365,56.4808,69.1479,81.2173","0.0,0.1894,1.5483,4.2991,8.8684,15.2129,23.2689,32.8915,43.7272,54.9904,66.0841","0.0,0.094,0.7265,2.5975,6.05,12.3766,20.8924,31.4945,44.3376,59.5284,77.6619","0.0,0.1196,0.4845,1.5401,3.3653,6.4842,11.1782,17.4304,25.2323,34.3974,45.2966","0.0,0.2961,1.5804,4.2773,10.7185,19.7222,30.3174,41.7992,53.5887,65.4076,77.1345","0.0,0.4693,2.6423,7.1201,16.6755,30.1701,45.8317,62.5988,80.0762,97.6312,115.9591","0.0,0.2409,1.2121,3.1139,9.2254,20.1811,35.2144,52.0651,69.6542,87.4335,103.6454"
Stamp_124,"0.1518,0.2064,0.2615,0.3173,0.3742,0.4329,0.4944,0.5605,0.6346,0.7257,0.9273","-220.0007,-197.9999,-176.0003,-153.9957,-131.9989,-109.9971,-87.9971,-65.997,-43.9964,-21.9972,-0.0005","0.0,0.1533,0.8054,2.2653,4.9002,9.1245,14.9882,22.8208,31.4223,40.1327,48.853","0.0,0.0883,0.5184,2.0103,4.9854,10.7846,19.465,32.884,50.1591,68.7961,89.5447","0.0002,0.294,0.9924,2.4419,4.482,7.2082,10.9881,16.0447,23.1761,31.1405,38.9119","0.0,0.3085,1.2836,3.6176,8.3664,16.6215,29.4078,45.2087,62.6873,80.647,99.4184","0.0,0.7815,4.1878,13.7878,26.8969,42.4758,59.503,77.2244,95.4526,114.9846,137.1433","0.0,0.171,1.6316,5.5269,12.4603,21.7585,32.6088,44.5258,57.0621,69.7284,81.9613","0.0,0.1807,1.5521,4.3647,9.0273,15.4394,23.5947,33.3191,44.2123,55.5795,66.8255","0.0,0.0783,0.7921,2.6166,6.1459,12.4046,20.8159,31.3666,44.0933,59.2659,77.3317","0.0,0.0888,0.4798,1.4816,3.3306,6.5133,11.2611,17.5169,25.3965,34.5451,45.4401","0.0,0.2597,1.5164,4.2352,10.6117,19.57,30.132,41.5036,53.2833,64.9489,76.7535","0.0,0.4528,2.5709,7.0773,16.6255,30.2434,46.0317,62.7993,80.2914,97.6823,115.9963","0.0,0.2158,1.1895,3.13,9.2577,20.2143,35.3863,52.3603,70.1012,87.9497,104.1843"
Stamp_125,"0.1518,0.2064,0.2615,0.3173,0.3742,0.4329,0.4944,0.5605,0.6346,0.7257,0.9273","-220.0007,-197.9999,-176.0003,-153.9957,-131.9989,-109.9971,-87.9971,-65.997,-43.9964,-21.9972,-0.0005","0.0,0.1517,0.8214,2.3107,5.0066,9.2524,15.0749,22.9832,31.6609,40.455,49.122","0.0,0.0996,0.5046,2.0528,5.0961,10.866,19.5854,33.0111,50.3441,68.9964,89.6991","0.0,0.3539,1.0068,2.4989,4.5089,7.2543,11.0164,16.094,23.068,31.0466,38.7303","0.0,0.3994,1.3291,3.7854,8.4699,16.7271,29.58,45.3715,62.7736,80.6046,99.155","0.0,0.7779,4.2842,13.9072,27.0223,42.7111,59.7826,77.6521,95.9249,115.1559,136.8825","0.0,0.1558,1.6721,5.6298,12.5159,21.8156,32.7133,44.6644,57.2183,69.9246,82.0072","0.0,0.2149,1.5647,4.4067,9.0429,15.4708,23.665,33.4114,44.2882,55.6302,66.7978","0.0,0.0857,0.7169,2.6041,6.2496,12.6807,21.1164,31.8933,44.7971,60.0926,78.4746","0.0,0.1151,0.5023,1.55,3.4291,6.6501,11.4456,17.7577,25.6648,34.8571,45.8677","0.0,0.2731,1.5856,4.3659,10.7892,19.7946,30.383,41.8427,53.5764,65.318,76.8454","0.0,0.4488,2.7272,7.2272,16.7781,30.375,46.1672,62.993,80.5303,98.1145,116.4246","0.0,0.2513,1.2533,3.2094,9.3169,20.2445,35.3587,52.3421,70.0571,87.9457,104.2113"
Stamp_126,"0.1518,0.2064,0.2615,0.3173,0.3742,0.4329,0.4944,0.5605,0.6346,0.7257,0.9273","-220.0007,-197.9999,-176.0003,-153.9957,-131.9989,-109.9971,-87.9971,-65.997,-43.9964,-21.9972,-0.0005","0.0,0.1771,0.8532,2.3568,5.0667,9.2921,15.161,23.0624,31.7717,40.5107,49.2047","0.0,0.1198,0.5535,2.09,5.1377,10.8705,19.6204,33.1034,50.4942,69.1721,89.9356","0.0,0.3216,1.0394,2.5558,4.5392,7.2429,10.977,16.0354,23.1576,31.1629,38.8863","0.0,0.3665,1.3752,3.7864,8.4636,16.7127,29.5314,45.2684,62.6457,80.4423,98.8542","0.0,0.7904,4.4007,14.0092,27.0288,42.6347,59.6927,77.4947,95.9662,115.0439,136.5442","0.0,0.1845,1.7025,5.6042,12.4967,21.7173,32.4534,44.3097,56.9545,69.6647,81.7708","0.0,0.1939,1.638,4.4516,9.099,15.5216,23.673,33.3544,44.273,55.5521,66.7171","0.0,0.0952,0.7635,2.7055,6.4482,12.8901,21.4106,32.2746,45.3671,60.6603,79.1016","0.0002,0.1144,0.5007,1.5795,3.4684,6.6396,11.4049,17.7413,25.6531,34.8249,45.7178","0.0,0.3036,1.636,4.4199,10.8669,19.8701,30.5127,42.007,53.7518,65.5306,77.1436","0.0,0.5047,2.7591,7.3311,16.9403,30.5976,46.437,63.288,80.7888,98.4154,116.7449","0.0,0.2605,1.2904,3.2283,9.376,20.3307,35.4691,52.399,70.0968,87.9514,104.2778"
Stamp_127,"0.1518,0.2064,0.2615,0.3173,0.3742,0.4329,0.4944,0.5605,0.6346,0.7257,0.9273","-220.0007,-197.9999,-176.0003,-153.9957,-131.9989,-109.9971,-87.9971,-65.997,-43.9964,-21.9972,-0.0005","0.0,0.143,0.696,2.0341,4.5149,8.5826,14.3207,22.0923,30.6579,39.3672,47.9871","0.0,0.0883,0.4346,1.8101,4.5242,10.1603,18.6796,31.8666,48.9575,67.2484,87.6101","0.0,0.261,0.8616,2.2702,4.1973,6.9158,10.6989,15.7597,22.9126,30.9481,38.633","0.0,0.2487,1.0587,3.2488,7.8762,16.0114,28.6951,44.4307,61.7976,79.6294,98.0486","0.0,0.5844,3.1079,11.9598,24.8373,40.1451,56.9096,74.4361,92.3999,111.1092,132.7603","0.0,0.0965,1.2674,4.7263,11.4585,20.4583,31.1138,42.7852,55.1081,67.6299,79.7104","0.0,0.157,1.3355,3.8668,8.3645,14.6199,22.6121,32.0952,42.7753,54.0319,65.0671","0.0,0.0692,0.6728,2.2718,5.3435,11.0619,19.0621,29.1945,41.1556,56.2157,73.1834","0.0,0.0775,0.4241,1.3407,3.0749,6.1265,10.7311,16.8473,24.4937,33.6027,44.3612","0.0,0.2307,1.2675,3.8601,10.1185,18.928,29.26,40.5604,52.4452,64.3239,76.2493","0.0,0.3578,2.134,6.2377,15.6635,28.935,44.4558,61.0123,78.2931,95.5798,113.2744","0.0,0.1745,0.9889,2.8532,8.8891,19.8058,34.7452,51.5144,68.9854,86.5423,102.404"
Stamp_128,"0.1518,0.2064,0.2615,0.3173,0.3742,0.4329,0.4944,0.5605,0.6346,0.7257,0.9273","-220.0007,-197.9999,-176.0003,-153.9957,-131.9989,-109.9971,-87.9971,-65.997,-43.9964,-21.9972,-0.0005","0.0,0.14,0.7076,2.1075,4.6602,8.7593,14.5429,22.4359,31.1318,39.8756,48.4855","0.0,0.1025,0.4248,1.9059,4.6729,10.3059,18.8624,32.0743,49.1818,67.4685,87.8183","0.0,0.3014,0.8883,2.3399,4.2672,6.9745,10.7676,15.8562,22.9028,30.8924,38.5871","0.0,0.3303,1.1287,3.4101,8.0206,16.1264,28.8289,44.5635,61.8662,79.6391,97.812","0.0,0.5952,3.3876,12.2508,25.147,40.4812,57.2331,74.8132,93.0195,111.2998,132.742","0.0,0.1058,1.3645,4.9169,11.6959,20.8751,31.4464,43.1309,55.4969,68.0781,80.0234","0.0,0.1875,1.3661,3.9619,8.4201,14.6281,22.5769,32.0702,42.7851,54.0075,65.0163","0.0,0.0778,0.6181,2.3185,5.3988,11.2351,19.4228,29.6355,41.7931,56.9001,74.1066","0.0,0.1033,0.4383,1.4265,3.1787,6.2244,10.8567,16.9645,24.6473,33.8152,44.6287","0.0,0.2462,1.3747,3.9885,10.2917,19.1652,29.5957,40.8703,52.6462,64.6192,76.5189","0.0,0.3752,2.3456,6.5475,15.9769,29.2604,44.8391,61.3952,78.62,95.8763,114.1526","0.0,0.2073,1.0598,2.9623,9.0211,19.8675,34.8341,51.6194,69.1456,86.7074,102.7813"
Stamp_129,"0.1518,0.2064,0.2615,0.3173,0.3742,0.4329,0.4944,0.5605,0.6346,0.7257,0.9273","-220.0007,-197.9999,-176.0003,-153.9957,-131.9989,-109.9971,-87.9971,-65.997,-43.9964,-21.9972,-0.0005","0.0001,0.1585,0.7407,2.1588,4.7172,8.8124,14.5538,22.3787,31.0739,39.8221,48.4053","0.0,0.1063,0.4709,1.9225,4.7221,10.3974,18.9516,32.1929,49.3538,67.6666,88.0001","0.0,0.2896,0.924,2.4054,4.3049,7.012,10.7362,15.8094,22.9195,30.8784,38.504","0.0,0.311,1.1785,3.4543,8.0569,16.1653,28.8777,44.5613,61.7993,79.4709,97.4909","0.0,0.6349,3.5756,12.6246,25.498,40.8297,57.5685,75.171,93.451,111.7931,132.9999","0.0,0.1345,1.4483,5.0219,11.7531,20.8517,31.3459,43.0078,55.4368,67.9966,79.9656","0.0,0.1713,1.4481,4.0414,8.5292,14.7623,22.7584,32.257,42.9087,54.0621,65.0804","0.0,0.0887,0.66,2.4066,5.5188,11.4613,19.7848,30.0878,42.5215,57.5528,74.9062","0.0,0.1003,0.4502,1.4496,3.1984,6.2438,10.8462,16.9907,24.7007,33.8049,44.5904","0.0,0.27,1.4204,4.0925,10.3884,19.2921,29.7442,41.0975,52.9744,64.7663,76.6067","0.0,0.4224,2.4223,6.7163,16.1654,29.5015,45.0258,61.5854,78.9459,96.1595,114.4865","0.0,0.2231,1.11,2.9922,9.0726,19.922,34.873,51.6351,69.2077,86.7531,102.7668"
Stamp_130,"0.1518,0.2064,0.2615,0.3173,0.3742,0.4329,0.4944,0.5605,0.6346,0.7257,0.9273","-220.0007,-197.9999,-176.0003,-153.9957,-131.9989,-109.9971,-87.9971,-65.997,-43.9964,-21.9972,-0.0005","0.0,0.1629,0.7436,2.1331,4.6872,8.845,14.5876,22.4705,31.1211,39.8436,48.4739","0.0,0.09,0.4775,1.9183,4.7264,10.4473,19.0381,32.2857,49.426,67.7916,88.2007","0.0,0.2864,0.9178,2.3644,4.3167,7.0511,10.842,15.9009,22.9029,30.9504,38.7646","0.0,0.2821,1.1491,3.414,8.0902,16.286,29.0554,44.7906,62.1718,79.9976,98.5315","0.0,0.6803,3.5338,12.6863,25.6678,41.1226,58.0087,75.4987,93.5115,112.5547,134.2424","0.0,0.1184,1.3957,5.0933,11.9073,21.055,31.6664,43.4225,55.839,68.4364,80.4779","0.0,0.165,1.4283,4.0937,8.673,14.9944,23.0999,32.7423,43.5012,54.8239,65.9375","0.0,0.0775,0.7266,2.423,5.623,11.5651,19.8193,30.0883,42.2656,57.3502,74.6708","0.0,0.0838,0.4502,1.4062,3.1866,6.2664,10.8856,17.0304,24.7952,33.866,44.6786","0.0,0.2666,1.398,4.0861,10.3614,19.2132,29.5771,40.8917,52.7241,64.5325,76.4827","0.0,0.3966,2.3482,6.6479,16.0709,29.4595,45.0396,61.6134,79.0348,96.2786,114.1284","0.0,0.1985,1.0728,2.9828,9.0596,19.9819,34.9629,51.8389,69.4738,87.1797,103.2069"
Stamp_131,"0.1518,0.2064,0.2615,0.3173,0.3742,0.4329,0.4944,0.5605,0.6346,0.7257,0.9273","-220.0007,-197.9999,-176.0003,-153.9957,-131.9989,-109.9971,-87.9971,-65.997,-43.9964,-21.9972,-0.0005","0.0,0.1432,0.7534,2.1995,4.8111,8.9772,14.7624,22.6496,31.3414,40.1261,48.7938","0.0,0.1002,0.4498,1.9608,4.8482,10.5522,19.1759,32.4308,49.5979,67.9849,88.4595","0.0,0.3231,0.9436,2.4126,4.3742,7.0933,10.891,15.9648,22.9529,30.9062,38.6517","0.0,0.3646,1.2164,3.5853,8.2176,16.3861,29.1363,44.8919,62.2733,80.0317,98.3782","0.0,0.6895,3.7614,13.0288,25.9685,41.3806,58.2362,75.8268,94.0857,112.8904,134.3688","0.0,0.1116,1.4637,5.2239,12.0624,21.295,32.0492,43.7751,56.2963,68.9172,80.9014","0.0,0.1996,1.4477,4.1514,8.6948,15.0197,23.0437,32.6586,43.4161,54.6548,65.7208","0.0,0.0804,0.6551,2.4307,5.7757,11.8459,20.1022,30.4106,43.0089,58.1479,75.716","0.0,0.107,0.4629,1.4658,3.2619,6.3744,11.0593,17.2484,25.0469,34.1646,45.0631","0.0,0.2589,1.4793,4.1641,10.4889,19.4462,29.9297,41.2518,53.0116,64.6176,76.2779","0.0,0.4015,2.5067,6.8696,16.3427,29.7891,45.4071,62.0471,79.5129,96.7979,115.1534","0.0,0.2244,1.1451,3.0754,9.1513,20.0058,34.9932,51.8512,69.5142,87.2263,103.4355"
Stamp_132,"0.1518,0.2064,0.2615,0.3173,0.3742,0.4329,0.4944,0.5605,0.6346,0.7257,0.9273","-220.0007,-197.9999,-176.0003,-153.9957,-131.9989,-109.9971,-87.9971,-65.997,-43.9964,-21.9972,-0.0005","0.0,0.1705,0.797,2.2465,4.8466,9.025,14.7825,22.5966,31.2499,40.0221,48.6613","0.0,0.1194,0.5036,1.9937,4.8939,10.6308,19.2231,32.4992,49.7295,68.2118,88.6558","0.0,0.2939,0.9587,2.4571,4.4074,7.1141,10.8599,15.9103,23.0683,31.0654,38.7151","0.0,0.3342,1.2539,3.614,8.2314,16.4037,29.1603,44.8945,62.2398,79.9364,98.0885","0.0,0.6373,3.8377,13.238,26.2143,41.6208,58.4577,75.9904,94.3394,113.2532,134.4799","0.0,0.164,1.5482,5.2987,12.0907,21.2849,32.0239,43.804,56.2124,68.7871,80.8971","0.0,0.1828,1.5064,4.2079,8.7679,15.0848,23.1184,32.7212,43.5056,54.7298,65.792","0.0,0.0922,0.7025,2.5241,5.8653,12.1013,20.5331,30.9126,43.7092,58.8234,76.566","0.0,0.0983,0.4721,1.4861,3.2819,6.3743,11.0144,17.2032,24.9991,34.136,45.0631","0.0,0.2741,1.4882,4.2079,10.5396,19.5303,30.0655,41.4158,53.3139,65.0834,76.7684","0.0,0.4586,2.577,6.9916,16.5179,30.0545,45.7156,62.4238,79.9221,97.2788,115.5866","0.0,0.2422,1.1936,3.0957,9.1991,20.0526,34.973,51.7324,69.3368,87.0201,103.1956"
Stamp_133,"0.1518,0.2064,0.2615,0.3173,0.3742,0.4329,0.4944,0.5605,0.6346,0.7257,0.9273","-220.0007,-197.9999,-176.0003,-153.9957,-131.9989,-109.9971,-87.9971,-65.997,-43.9964,-21.9972,-0.0005","0.0,0.1664,0.7915,2.2293,4.8357,9.0231,14.8016,22.6086,31.2001,39.9104,48.5345","0.0,0.0945,0.5135,2.0071,4.9169,10.6916,19.327,32.6546,49.8619,68.3735,88.9116","0.0001,0.2996,0.98,2.4294,4.4397,7.1879,10.9643,16.0328,23.1252,31.1942,38.9545","0.0,0.3167,1.2599,3.5745,8.2958,16.5271,29.2885,45.0508,62.4825,80.3617,99.0103","0.0,0.7032,3.9609,13.3701,26.4446,41.9713,58.8842,76.6165,94.7387,114.1487,136.2208","0.0,0.1084,1.4976,5.3389,12.2724,21.5174,32.3223,44.2185,56.7011,69.3212,81.4209","0.0,0.1644,1.4991,4.2637,8.8931,15.3106,23.4525,33.1978,44.0466,55.4117,66.5869","0.0,0.0797,0.7544,2.5452,5.9458,12.1214,20.4988,30.7959,43.4536,58.5683,76.2889","0.0,0.0836,0.4574,1.4534,3.2565,6.4361,11.1156,17.3069,25.1868,34.2802,45.2033","0.0,0.2518,1.4479,4.1672,10.4649,19.3707,29.8393,41.1762,52.9354,64.7021,76.5345","0.0,0.4254,2.4693,6.9248,16.4217,29.9524,45.6412,62.3629,79.7954,97.0627,115.1782","0.0,0.2136,1.1625,3.1014,9.2009,20.158,35.2183,52.1881,69.931,87.7055,103.8785"
Stamp_134,"0.1518,0.2064,0.2615,0.3173,0.3742,0.4329,0.4944,0.5605,0.6346,0.7257,0.9273","-220.0007,-197.9999,-176.0003,-153.9957,-131.9989,-109.9971,-87.9971,-65.997,-43.9964,-21.9972,-0.0005","0.0,0.1468,0.7961,2.2619,4.9174,9.1355,14.9286,22.8115,31.4835,40.2681,48.9367","0.0,0.1066,0.4914,2.0057,4.9941,10.7642,19.4503,32.8238,50.0547,68.5768,89.1347","0.0,0.3373,0.9805,2.4654,4.4534,7.1849,10.9662,16.0579,23.0619,31.0709,38.7627","0.0,0.3856,1.2901,3.7244,8.3756,16.5966,29.3991,45.1439,62.5268,80.2952,98.8125","0.0,0.7633,4.1343,13.6528,26.6625,42.2111,59.2138,76.7961,95.0723,114.1449,135.6596","0.0,0.1362,1.598,5.4902,12.3448,21.5977,32.4279,44.2893,56.8368,69.5117,81.5066","0.0,0.2093,1.5298,4.3461,8.9691,15.3621,23.494,33.2072,44.0512,55.3377,66.4462","0.0,0.082,0.6997,2.5723,6.1133,12.3832,20.769,31.3151,44.0224,59.2575,77.379","0.0,0.1122,0.4885,1.5231,3.3675,6.5578,11.2979,17.5541,25.4304,34.5686,45.5747","0.0,0.2701,1.5514,4.2959,10.6599,19.6305,30.1663,41.5687,53.3718,65.0582,76.709","0.0,0.4374,2.6582,7.0886,16.61,30.1762,45.939,62.6885,80.2373,97.6763,116.0037","0.0,0.2425,1.2156,3.1575,9.235,20.1506,35.2094,52.1407,69.8217,87.599,103.6787"
Stamp_135,"0.1518,0.2064,0.2615,0.3173,0.3742,0.4329,0.4944,0.5605,0.6346,0.7257,0.9273","-220.0007,-197.9999,-176.0003,-153.9957,-131.9989,-109.9971,-87.9971,-65.997,-43.9964,-21.9972,-0.0005","0.0,0.1775,0.8349,2.3272,4.9798,9.1973,15.0594,22.957,31.5903,40.2846,48.9531","0.0,0.1164,0.524,2.0521,5.0259,10.7531,19.4617,32.8856,50.2266,68.7776,89.3647","0.0,0.3161,1.0327,2.5393,4.5054,7.2001,10.9244,15.9595,23.1323,31.1111,38.7851","0.0,0.3652,1.3347,3.7218,8.3754,16.5854,29.344,45.0714,62.4503,80.2376,98.5364","0.0,0.812,4.3148,13.8567,26.809,42.3051,59.3117,76.8939,95.2172,114.3885,135.6481","0.0,0.1768,1.6804,5.5127,12.3179,21.5642,32.3132,44.1983,56.7367,69.3679,81.4221","0.0,0.1936,1.5835,4.3752,8.9706,15.3585,23.4508,33.1133,43.9672,55.2122,66.3162","0.0,0.0942,0.7404,2.6453,6.22,12.5985,21.0889,31.782,44.6253,59.8665,78.1364","0.0001,0.119,0.4951,1.5636,3.4197,6.554,11.2812,17.5702,25.4335,34.5802,45.5024","0.0,0.2973,1.6168,4.3374,10.7685,19.748,30.3554,41.7866,53.4975,65.2395,76.8122","0.0,0.4808,2.6997,7.2279,16.7857,30.3563,46.1121,62.8915,80.3137,97.8764,116.1735","0.0,0.2482,1.2474,3.1871,9.283,20.2379,35.2734,52.1458,69.7467,87.5447,103.7911"
Stamp_136,"0.1518,0.2064,0.2615,0.3173,0.3742,0.4329,0.4944,0.5605,0.6346,0.7257,0.9273","-220.0007,-197.9999,-176.0003,-153.9957,-131.9989,-109.9971,-87.9971,-65.997,-43.9964,-21.9972,-0.0005","0.0,0.1504,0.7727,2.2085,4.8124,8.9785,14.7793,22.6072,31.2509,40.0379,48.7311","0.0,0.0912,0.5005,1.9486,4.8687,10.6202,19.2381,32.5484,49.7157,68.2725,88.8085","0.0,0.282,0.9522,2.3934,4.4071,7.1275,10.8886,15.9464,23.1086,31.0907,38.8777","0.0,0.2998,1.2316,3.5309,8.2392,16.4658,29.2751,45.0684,62.4851,80.4077,99.0268","0.0,0.6995,3.8641,13.2498,26.3312,41.8728,58.7664,76.5436,94.7195,113.9684,135.9225","0.0,0.1579,1.5349,5.3287,12.2236,21.4395,32.2374,44.101,56.5479,69.1941,81.4272","0.0,0.1745,1.4951,4.2577,8.9112,15.2801,23.3448,33.0052,43.7713,55.1163,66.2461","0.0,0.0766,0.7644,2.5196,5.8719,11.9742,20.346,30.6813,43.2782,58.4048,76.0572","0.0,0.086,0.4681,1.4431,3.2556,6.3927,11.0482,17.2303,25.04,34.192,45.0622","0.0,0.2562,1.4623,4.1675,10.4823,19.3924,29.9002,41.3211,53.0643,64.9348,76.875","0.0,0.4284,2.4836,6.9057,16.4005,29.873,45.5455,62.2569,79.7056,97.041,115.2998","0.0,0.212,1.1509,3.0688,9.1862,20.0774,35.1675,52.1301,69.8199,87.5471,103.6514"
Stamp_137,"0.1518,0.2064,0.2615,0.3173,0.3742,0.4329,0.4944,0.5605,0.6346,0.7257,0.9273","-220.0007,-197.9999,-176.0003,-153.9957,-131.9989,-109.9971,-87.9971,-65.997,-43.9964,-21.9972,-0.0005","0.0,0.1469,0.7901,2.2512,4.9086,9.1189,14.9153,22.7967,31.4939,40.2949,48.9833","0.0,0.1023,0.4769,2.0049,4.9758,10.7424,19.4232,32.7787,50.0442,68.5426,89.0757","0.0,0.3391,0.9726,2.4616,4.4419,7.176,10.9495,16.0421,23.0191,31.0326,38.725","0.0,0.3874,1.2774,3.6923,8.3404,16.5543,29.2922,45.0658,62.5224,80.3758,98.8224","0.0,0.7321,4.021,13.5087,26.4928,42.018,59.0537,76.6658,95.0218,114.0862,135.5664","0.0,0.1403,1.5959,5.4786,12.3054,21.5888,32.4448,44.2489,56.8666,69.6124,81.6358","0.0,0.2109,1.5245,4.2964,8.8975,15.2749,23.3554,32.97,43.7604,55.04,66.1122","0.0,0.0822,0.6941,2.522,5.9859,12.2429,20.7221,31.2207,43.992,59.1706,77.223","0.0,0.1143,0.4935,1.5136,3.3462,6.5018,11.2275,17.4671,25.3183,34.4907,45.4565","0.0,0.2685,1.5515,4.2919,10.6987,19.7072,30.263,41.7098,53.5096,65.2671,77.0478","0.0,0.4359,2.6388,7.0781,16.6282,30.1773,45.9147,62.6879,80.2762,97.7693,116.1108","0.0,0.2428,1.2125,3.1294,9.2673,20.1652,35.255,52.1502,69.8333,87.6345,103.843"
Stamp_138,"0.1518,0.2064,0.2615,0.3173,0.3742,0.4329,0.4944,0.5605,0.6346,0.7257,0.9273","-220.0007,-197.9999,-176.0003,-153.9957,-131.9989,-109.9971,-87.9971,-65.997,-43.9964,-21.9972,-0.0005","0.0,0.1748,0.8341,2.3146,4.9538,9.1941,14.9809,22.8483,31.549,40.2725,48.9417","0.0,0.1246,0.5376,2.0667,5.0441,10.7911,19.4772,32.841,50.1567,68.6916,89.186","0.0,0.3051,1.0027,2.5207,4.4774,7.176,10.9036,15.9537,23.1025,31.1051,38.854","0.0,0.366,1.326,3.7347,8.3755,16.5881,29.3428,45.1085,62.5216,80.3299,98.6336","0.0,0.7638,4.2487,13.8372,26.8184,42.3039,59.2955,76.9055,95.3494,114.4323,135.7346","0.0,0.1287,1.5894,5.424,12.3049,21.5223,32.2896,44.1653,56.7086,69.4422,81.5437","0.0,0.1891,1.5505,4.3493,8.9526,15.332,23.4013,33.0075,43.829,55.0682,66.1579","0.0,0.0918,0.7246,2.6102,6.1561,12.4665,20.8454,31.4933,44.3686,59.5748,77.8463","0.0,0.1072,0.4773,1.5351,3.3649,6.4878,11.1954,17.4489,25.287,34.3944,45.2812","0.0,0.2797,1.5735,4.322,10.6888,19.6837,30.3013,41.795,53.6411,65.4998,77.3712","0.0,0.4855,2.6839,7.1858,16.7522,30.319,46.0717,62.845,80.3413,97.9227,116.211","0.0,0.2601,1.2498,3.1566,9.2766,20.2014,35.2841,52.2397,69.9242,87.6589,103.7333"
